"order_id","ordered_at","customer_id","country","status","amount_cents"
1,2026-01-01 00:00:43.000Z,712643,"DE","paid",379
2,2026-01-01 00:01:53.000Z,439136,"DE","paid",2399
3,2026-01-01 00:03:59.000Z,236185,"UK","paid",8333
4,2026-01-01 00:05:17.000Z,626526,"US","paid",1566
5,2026-01-01 00:07:27.000Z,635199,"SE","paid",7249
6,2026-01-01 00:08:29.000Z,700684,"UK","paid",7701
7,2026-01-01 00:10:31.000Z,609269,"US","paid",540
8,2026-01-01 00:11:57.000Z,482058,"DE","cancelled",129
9,2026-01-01 00:13:03.000Z,248507,"US","paid",681
10,2026-01-01 00:14:57.000Z,241144,"FR","paid",5283
11,2026-01-01 00:16:55.000Z,984625,"US","paid",5389
12,2026-01-01 00:18:37.000Z,303030,"SE","paid",5713
13,2026-01-01 00:20:15.000Z,303031,"SE","paid",7752
14,2026-01-01 00:21:57.000Z,599076,"UK","paid",7922
15,2026-01-01 00:22:47.000Z,598669,"UK","paid",9118
16,2026-01-01 00:24:53.000Z,964578,"PL","paid",2800
17,2026-01-01 00:26:15.000Z,978003,"US","paid",8648
18,2026-01-01 00:28:05.000Z,723856,"UK","paid",2595
19,2026-01-01 00:30:03.000Z,409897,"UK","paid",2847
20,2026-01-01 00:31:37.000Z,185134,"UK","paid",1752
21,2026-01-01 00:32:59.000Z,747919,"UK","paid",9339
22,2026-01-01 00:34:53.000Z,652956,"SE","paid",8851
23,2026-01-01 00:36:19.000Z,392485,"PL","refunded",4077
24,2026-01-01 00:37:33.000Z,546362,"UK","paid",1221
25,2026-01-01 00:39:15.000Z,185227,"PL","paid",2706
26,2026-01-01 00:40:25.000Z,409960,"UK","paid",2114
27,2026-01-01 00:42:43.000Z,975681,"PL","paid",6938
28,2026-01-01 00:44:09.000Z,359590,"DE","paid",3445
29,2026-01-01 00:46:03.000Z,595527,"UK","paid",6844
30,2026-01-01 00:47:45.000Z,955412,"US","paid",9166
31,2026-01-01 00:49:27.000Z,690877,"FR","paid",3828
32,2026-01-01 00:50:41.000Z,428594,"FR","paid",6147
33,2026-01-01 00:52:27.000Z,418403,"PL","paid",2350
34,2026-01-01 00:54:01.000Z,460640,"PL","paid",9694
35,2026-01-01 00:55:15.000Z,253977,"FR","paid",8413
36,2026-01-01 00:56:45.000Z,186590,"SE","paid",2694
37,2026-01-01 00:58:39.000Z,281407,"UK","paid",6430
38,2026-01-01 01:00:09.000Z,438540,"DE","paid",8092
39,2026-01-01 01:02:15.000Z,581429,"SE","paid",725
40,2026-01-01 01:03:33.000Z,893770,"PL","paid",9105
41,2026-01-01 01:05:03.000Z,596283,"SE","paid",841
42,2026-01-01 01:06:29.000Z,266872,"US","paid",140
43,2026-01-01 01:08:27.000Z,343633,"SE","paid",1108
44,2026-01-01 01:09:45.000Z,467574,"UK","paid",8490
45,2026-01-01 01:11:11.000Z,992503,"UK","paid",1010
46,2026-01-01 01:13:37.000Z,519812,"UK","paid",2812
47,2026-01-01 01:14:39.000Z,414477,"DE","paid",1934
48,2026-01-01 01:16:21.000Z,770402,"UK","paid",3116
49,2026-01-01 01:17:43.000Z,128147,"SE","paid",1910
50,2026-01-01 01:19:29.000Z,130736,"FR","paid",5083
51,2026-01-01 01:21:47.000Z,498697,"DE","paid",562
52,2026-01-01 01:23:25.000Z,772238,"DE","paid",1557
53,2026-01-01 01:24:43.000Z,800239,"UK","paid",7179
54,2026-01-01 01:25:49.000Z,749148,"UK","paid",1796
55,2026-01-01 01:27:31.000Z,341093,"UK","paid",7237
56,2026-01-01 01:29:53.000Z,869498,"FR","paid",3678
57,2026-01-01 01:30:39.000Z,516587,"UK","paid",8658
58,2026-01-01 01:32:37.000Z,132968,"UK","paid",5989
59,2026-01-01 01:34:19.000Z,676033,"UK","paid",810
60,2026-01-01 01:35:57.000Z,486374,"PL","refunded",9299
61,2026-01-01 01:37:51.000Z,331111,"UK","refunded",8562
62,2026-01-01 01:38:57.000Z,268020,"SE","paid",9525
63,2026-01-01 01:40:47.000Z,897373,"US","paid",2560
64,2026-01-01 01:42:41.000Z,445650,"US","paid",6893
65,2026-01-01 01:43:59.000Z,173891,"UK","paid",7564
66,2026-01-01 01:45:13.000Z,145248,"UK","paid",7288
67,2026-01-01 01:47:15.000Z,809113,"US","refunded",932
68,2026-01-01 01:48:41.000Z,817022,"UK","paid",9805
69,2026-01-01 01:50:55.000Z,396159,"FR","refunded",9349
70,2026-01-01 01:51:57.000Z,520204,"PL","paid",6107
71,2026-01-01 01:53:15.000Z,338805,"UK","paid",3881
72,2026-01-01 01:55:01.000Z,978954,"UK","paid",8488
73,2026-01-01 01:57:11.000Z,870267,"UK","paid",4925
74,2026-01-01 01:58:05.000Z,277784,"SE","cancelled",4977
75,2026-01-01 01:59:43.000Z,535665,"UK","cancelled",7747
76,2026-01-01 02:01:49.000Z,136694,"FR","paid",3598
77,2026-01-01 02:03:19.000Z,890647,"FR","paid",4975
78,2026-01-01 02:04:41.000Z,421732,"DE","paid",981
79,2026-01-01 02:06:39.000Z,173773,"PL","paid",4254
80,2026-01-01 02:08:21.000Z,281538,"UK","paid",9480
81,2026-01-01 02:09:39.000Z,112019,"UK","paid",9315
82,2026-01-01 02:11:49.000Z,735152,"US","paid",863
83,2026-01-01 02:13:31.000Z,533257,"PL","paid",1413
84,2026-01-01 02:14:21.000Z,184910,"PL","paid",3546
85,2026-01-01 02:16:11.000Z,652623,"DE","paid",3578
86,2026-01-01 02:17:33.000Z,986268,"FR","paid",7284
87,2026-01-01 02:19:27.000Z,206885,"UK","paid",9976
88,2026-01-01 02:21:29.000Z,726810,"US","paid",1066
89,2026-01-01 02:22:43.000Z,802507,"UK","paid",5845
90,2026-01-01 02:24:33.000Z,327560,"DE","paid",6743
91,2026-01-01 02:26:15.000Z,792385,"UK","paid",5456
92,2026-01-01 02:27:53.000Z,690566,"UK","cancelled",6477
93,2026-01-01 02:29:11.000Z,391687,"DE","paid",4207
94,2026-01-01 02:30:29.000Z,505908,"UK","paid",6140
95,2026-01-01 02:32:47.000Z,252509,"SE","paid",3807
96,2026-01-01 02:33:41.000Z,583186,"SE","cancelled",9994
97,2026-01-01 02:36:07.000Z,700355,"UK","paid",4308
98,2026-01-01 02:37:45.000Z,355776,"UK","paid",6777
99,2026-01-01 02:39:19.000Z,183033,"SE","paid",7930
100,2026-01-01 02:40:09.000Z,686206,"FR","paid",104
101,2026-01-01 02:42:39.000Z,276639,"US","cancelled",6012
102,2026-01-01 02:44:01.000Z,505644,"UK","refunded",7752
103,2026-01-01 02:44:59.000Z,274485,"FR","paid",7636
104,2026-01-01 02:46:57.000Z,390666,"UK","paid",9714
105,2026-01-01 02:48:27.000Z,709499,"FR","paid",1171
106,2026-01-01 02:49:49.000Z,202424,"UK","paid",7557
107,2026-01-01 02:51:27.000Z,787665,"FR","paid",2669
108,2026-01-01 02:53:33.000Z,926774,"US","paid",741
109,2026-01-01 02:54:51.000Z,593335,"US","paid",3880
110,2026-01-01 02:56:17.000Z,787844,"PL","paid",1777
111,2026-01-01 02:57:59.000Z,728749,"UK","paid",3728
112,2026-01-01 03:00:21.000Z,856354,"DE","paid",3798
113,2026-01-01 03:01:35.000Z,731891,"FR","paid",7195
114,2026-01-01 03:02:49.000Z,411408,"SE","paid",9657
115,2026-01-01 03:04:59.000Z,298761,"UK","paid",4602
116,2026-01-01 03:06:17.000Z,316622,"UK","paid",7950
117,2026-01-01 03:08:07.000Z,996015,"PL","paid",3500
118,2026-01-01 03:09:17.000Z,248508,"US","paid",6967
119,2026-01-01 03:11:19.000Z,432133,"DE","paid",4927
120,2026-01-01 03:12:45.000Z,660122,"SE","paid",4030
121,2026-01-01 03:14:59.000Z,537579,"DE","paid",5819
122,2026-01-01 03:16:33.000Z,508296,"PL","paid",5836
123,2026-01-01 03:17:59.000Z,464545,"DE","paid",9025
124,2026-01-01 03:19:41.000Z,139110,"UK","paid",2341
125,2026-01-01 03:20:31.000Z,925063,"PL","paid",8027
126,2026-01-01 03:22:13.000Z,367188,"FR","paid",9682
127,2026-01-01 03:23:43.000Z,766781,"UK","paid",4045
128,2026-01-01 03:26:01.000Z,430162,"UK","paid",1310
129,2026-01-01 03:26:59.000Z,797443,"DE","paid",6872
130,2026-01-01 03:29:25.000Z,227072,"DE","paid",7548
131,2026-01-01 03:30:35.000Z,564665,"UK","paid",5775
132,2026-01-01 03:32:21.000Z,347294,"US","paid",5101
133,2026-01-01 03:33:47.000Z,123903,"SE","paid",6854
134,2026-01-01 03:35:37.000Z,403276,"UK","paid",9924
135,2026-01-01 03:37:15.000Z,796277,"US","paid",9937
136,2026-01-01 03:38:33.000Z,559498,"DE","refunded",2834
137,2026-01-01 03:40:03.000Z,447771,"US","paid",4233
138,2026-01-01 03:42:25.000Z,125016,"FR","paid",2823
139,2026-01-01 03:43:19.000Z,717713,"US","paid",6253
140,2026-01-01 03:45:13.000Z,789910,"SE","paid",3295
141,2026-01-01 03:46:39.000Z,783959,"SE","paid",1975
142,2026-01-01 03:48:09.000Z,415012,"UK","cancelled",6984
143,2026-01-01 03:49:51.000Z,664557,"UK","paid",6070
144,2026-01-01 03:52:01.000Z,879810,"PL","paid",7231
145,2026-01-01 03:53:31.000Z,852083,"US","paid",7371
146,2026-01-01 03:54:29.000Z,538544,"UK","paid",207
147,2026-01-01 03:56:51.000Z,871529,"UK","paid",2851
148,2026-01-01 03:57:45.000Z,380206,"UK","paid",8261
149,2026-01-01 03:59:23.000Z,474287,"UK","paid",3877
150,2026-01-01 04:01:49.000Z,233916,"SE","paid",4732
151,2026-01-01 04:03:03.000Z,824773,"PL","paid",3604
152,2026-01-01 04:04:25.000Z,121498,"UK","refunded",2652
153,2026-01-01 04:06:43.000Z,245739,"PL","paid",5296
154,2026-01-01 04:07:53.000Z,512712,"UK","paid",1185
155,2026-01-01 04:09:39.000Z,856161,"PL","paid",3905
156,2026-01-01 04:10:53.000Z,801958,"DE","paid",7005
157,2026-01-01 04:12:59.000Z,366567,"UK","cancelled",4789
158,2026-01-01 04:14:45.000Z,547476,"US","paid",3146
159,2026-01-01 04:15:59.000Z,467293,"FR","paid",7498
160,2026-01-01 04:17:33.000Z,683890,"FR","paid",8013
161,2026-01-01 04:19:27.000Z,294147,"PL","refunded",4807
162,2026-01-01 04:20:41.000Z,849664,"PL","paid",6271
163,2026-01-01 04:22:07.000Z,934073,"FR","paid",3951
164,2026-01-01 04:23:53.000Z,205502,"SE","paid",893
165,2026-01-01 04:25:39.000Z,959231,"UK","paid",3554
166,2026-01-01 04:27:29.000Z,251724,"DE","paid",2467
167,2026-01-01 04:29:15.000Z,295893,"SE","paid",5758
168,2026-01-01 04:30:05.000Z,758986,"PL","paid",7666
169,2026-01-01 04:31:55.000Z,548219,"SE","paid",4025
170,2026-01-01 04:33:17.000Z,285464,"US","paid",2801
171,2026-01-01 04:35:03.000Z,418673,"SE","paid",2285
172,2026-01-01 04:37:05.000Z,879318,"UK","paid",9956
173,2026-01-01 04:38:59.000Z,266135,"UK","paid",4557
174,2026-01-01 04:39:45.000Z,997604,"UK","paid",610
175,2026-01-01 04:41:35.000Z,882957,"DE","paid",4938
176,2026-01-01 04:42:57.000Z,996162,"UK","paid",1816
177,2026-01-01 04:44:47.000Z,115315,"SE","paid",8061
178,2026-01-01 04:47:01.000Z,285872,"FR","paid",6183
179,2026-01-01 04:47:51.000Z,202665,"DE","paid",1782
180,2026-01-01 04:49:33.000Z,256910,"DE","paid",2367
181,2026-01-01 04:51:55.000Z,769775,"UK","paid",625
182,2026-01-01 04:53:05.000Z,388988,"UK","paid",5257
183,2026-01-01 04:54:27.000Z,642053,"UK","paid",6296
184,2026-01-01 04:56:09.000Z,822298,"FR","paid",7293
185,2026-01-01 04:58:23.000Z,245675,"UK","paid",7604
186,2026-01-01 04:59:13.000Z,166728,"UK","paid",8608
187,2026-01-01 05:01:11.000Z,738369,"UK","paid",6112
188,2026-01-01 05:02:37.000Z,399238,"PL","paid",7336
189,2026-01-01 05:03:59.000Z,588103,"UK","refunded",519
190,2026-01-01 05:06:25.000Z,139892,"SE","paid",1254
191,2026-01-01 05:07:35.000Z,263165,"US","paid",7986
192,2026-01-01 05:09:45.000Z,219218,"US","paid",6191
193,2026-01-01 05:10:35.000Z,614211,"UK","paid",4177
194,2026-01-01 05:12:41.000Z,769760,"UK","paid",6793
195,2026-01-01 05:14:11.000Z,829753,"US","paid",4634
196,2026-01-01 05:15:29.000Z,350814,"UK","paid",7985
197,2026-01-01 05:16:59.000Z,124127,"FR","paid",8638
198,2026-01-01 05:19:13.000Z,370764,"PL","paid",6538
199,2026-01-01 05:20:39.000Z,863413,"UK","paid",9778
200,2026-01-01 05:21:45.000Z,721962,"UK","paid",4901
201,2026-01-01 05:24:11.000Z,368731,"UK","paid",6977
202,2026-01-01 05:25:29.000Z,179352,"SE","paid",6893
203,2026-01-01 05:27:11.000Z,290897,"UK","paid",8076
204,2026-01-01 05:28:33.000Z,232982,"FR","paid",4428
205,2026-01-01 05:30:23.000Z,380055,"FR","paid",8479
206,2026-01-01 05:31:25.000Z,911140,"DE","paid",7875
207,2026-01-01 05:33:15.000Z,751373,"PL","paid",2978
208,2026-01-01 05:35:13.000Z,843554,"UK","paid",8015
209,2026-01-01 05:36:27.000Z,993651,"UK","paid",2550
210,2026-01-01 05:38:37.000Z,360144,"US","paid",1198
211,2026-01-01 05:40:23.000Z,967113,"PL","paid",1361
212,2026-01-01 05:42:05.000Z,978158,"PL","paid",4512
213,2026-01-01 05:43:23.000Z,366799,"DE","paid",2664
214,2026-01-01 05:45:13.000Z,923132,"FR","paid",6989
215,2026-01-01 05:46:35.000Z,641477,"UK","paid",828
216,2026-01-01 05:48:05.000Z,767770,"US","paid",7341
217,2026-01-01 05:50:03.000Z,901771,"UK","paid",1647
218,2026-01-01 05:51:01.000Z,435592,"DE","paid",1194
219,2026-01-01 05:52:51.000Z,424385,"UK","paid",4143
220,2026-01-01 05:54:41.000Z,270438,"UK","paid",3261
221,2026-01-01 05:56:11.000Z,598151,"DE","paid",2696
222,2026-01-01 05:57:17.000Z,235060,"UK","paid",948
223,2026-01-01 05:59:47.000Z,763773,"SE","paid",6665
224,2026-01-01 06:01:09.000Z,253938,"SE","paid",1696
225,2026-01-01 06:02:55.000Z,443427,"UK","paid",6933
226,2026-01-01 06:04:37.000Z,740192,"UK","paid",9006
227,2026-01-01 06:05:51.000Z,997689,"SE","paid",3927
228,2026-01-01 06:07:01.000Z,557982,"FR","paid",2187
229,2026-01-01 06:09:11.000Z,447615,"US","paid",5148
230,2026-01-01 06:11:01.000Z,294028,"UK","cancelled",6127
231,2026-01-01 06:12:15.000Z,605525,"FR","paid",4825
232,2026-01-01 06:14:21.000Z,158794,"UK","paid",3346
233,2026-01-01 06:15:51.000Z,380187,"FR","paid",4267
234,2026-01-01 06:17:09.000Z,608888,"UK","paid",649
235,2026-01-01 06:19:11.000Z,225873,"FR","paid",4753
236,2026-01-01 06:20:25.000Z,440950,"US","paid",4099
237,2026-01-01 06:21:55.000Z,669783,"US","paid",1323
238,2026-01-01 06:23:49.000Z,277700,"PL","cancelled",7759
239,2026-01-01 06:24:55.000Z,970189,"UK","paid",1092
240,2026-01-01 06:26:49.000Z,519426,"DE","paid",7170
241,2026-01-01 06:28:47.000Z,353907,"FR","refunded",634
242,2026-01-01 06:29:49.000Z,242032,"SE","paid",3585
243,2026-01-01 06:32:11.000Z,181897,"UK","paid",3730
244,2026-01-01 06:33:41.000Z,162030,"UK","paid",1575
245,2026-01-01 06:35:23.000Z,704495,"PL","paid",8410
246,2026-01-01 06:36:29.000Z,694204,"US","paid",9164
247,2026-01-01 06:38:15.000Z,946213,"DE","paid",3806
248,2026-01-01 06:39:25.000Z,306106,"SE","paid",2148
249,2026-01-01 06:40:59.000Z,573163,"DE","paid",2741
250,2026-01-01 06:42:41.000Z,807528,"PL","paid",7887
251,2026-01-01 06:44:27.000Z,367617,"DE","paid",1044
252,2026-01-01 06:46:37.000Z,288870,"UK","paid",754
253,2026-01-01 06:48:03.000Z,476359,"PL","paid",8708
254,2026-01-01 06:49:01.000Z,237460,"FR","paid",1610
255,2026-01-01 06:51:27.000Z,960509,"UK","paid",4187
256,2026-01-01 06:52:29.000Z,832434,"UK","paid",9932
257,2026-01-01 06:54:43.000Z,396931,"DE","paid",193
258,2026-01-01 06:55:57.000Z,518528,"DE","paid",1418
259,2026-01-01 06:57:51.000Z,607705,"UK","paid",2176
260,2026-01-01 06:59:29.000Z,286526,"US","paid",3720
261,2026-01-01 07:00:39.000Z,827999,"SE","paid",8110
262,2026-01-01 07:02:41.000Z,569004,"UK","paid",7463
263,2026-01-01 07:04:07.000Z,929173,"US","paid",863
264,2026-01-01 07:05:37.000Z,139146,"DE","paid",2387
265,2026-01-01 07:06:51.000Z,680923,"US","paid",4413
266,2026-01-01 07:08:41.000Z,481016,"FR","refunded",7732
267,2026-01-01 07:10:35.000Z,589873,"US","paid",6150
268,2026-01-01 07:12:29.000Z,894390,"SE","paid",1877
269,2026-01-01 07:14:11.000Z,683255,"SE","paid",1007
270,2026-01-01 07:15:45.000Z,567812,"UK","paid",9731
271,2026-01-01 07:16:47.000Z,956397,"UK","paid",7934
272,2026-01-01 07:18:13.000Z,915106,"PL","paid",9147
273,2026-01-01 07:20:23.000Z,341299,"US","paid",8410
274,2026-01-01 07:21:25.000Z,216944,"UK","paid",490
275,2026-01-01 07:23:31.000Z,404233,"UK","paid",5786
276,2026-01-01 07:25:17.000Z,176782,"UK","paid",6694
277,2026-01-01 07:26:39.000Z,274927,"UK","paid",8247
278,2026-01-01 07:28:21.000Z,222972,"SE","cancelled",4789
279,2026-01-01 07:30:07.000Z,228741,"PL","paid",811
280,2026-01-01 07:31:25.000Z,328442,"UK","paid",1031
281,2026-01-01 07:33:11.000Z,448331,"PL","paid",1466
282,2026-01-01 07:34:53.000Z,675496,"UK","paid",6647
283,2026-01-01 07:36:15.000Z,847201,"PL","cancelled",1632
284,2026-01-01 07:37:37.000Z,347206,"DE","paid",8945
285,2026-01-01 07:39:11.000Z,955303,"UK","paid",7911
286,2026-01-01 07:41:09.000Z,732724,"US","paid",4230
287,2026-01-01 07:42:35.000Z,361373,"FR","paid",8952
288,2026-01-01 07:44:41.000Z,825682,"FR","paid",6355
289,2026-01-01 07:46:11.000Z,717315,"PL","paid",8208
290,2026-01-01 07:47:49.000Z,918016,"PL","cancelled",9417
291,2026-01-01 07:49:23.000Z,455353,"FR","paid",1492
292,2026-01-01 07:51:17.000Z,648030,"SE","paid",7089
293,2026-01-01 07:52:35.000Z,334751,"UK","paid",2655
294,2026-01-01 07:53:45.000Z,140684,"DE","paid",8898
295,2026-01-01 07:55:55.000Z,723317,"SE","paid",7351
296,2026-01-01 07:57:21.000Z,475626,"PL","paid",1471
297,2026-01-01 07:58:43.000Z,514971,"SE","paid",1505
298,2026-01-01 08:00:09.000Z,658360,"US","paid",9485
299,2026-01-01 08:01:51.000Z,340305,"SE","paid",9714
300,2026-01-01 08:03:49.000Z,752886,"UK","paid",4966
301,2026-01-01 08:05:55.000Z,621335,"UK","paid",7513
302,2026-01-01 08:07:05.000Z,331268,"UK","paid",7541
303,2026-01-01 08:08:31.000Z,225357,"DE","paid",2363
304,2026-01-01 08:09:57.000Z,764866,"UK","paid",4080
305,2026-01-01 08:11:35.000Z,530387,"SE","paid",7236
306,2026-01-01 08:14:01.000Z,809616,"FR","paid",5631
307,2026-01-01 08:14:51.000Z,249769,"DE","paid",7018
308,2026-01-01 08:16:21.000Z,626382,"DE","paid",6876
309,2026-01-01 08:18:43.000Z,441327,"UK","paid",2268
310,2026-01-01 08:20:25.000Z,478652,"UK","paid",7462
311,2026-01-01 08:21:51.000Z,294501,"UK","paid",5384
312,2026-01-01 08:23:41.000Z,636154,"FR","paid",2644
313,2026-01-01 08:24:59.000Z,694155,"UK","cancelled",4502
314,2026-01-01 08:26:21.000Z,739080,"UK","paid",1178
315,2026-01-01 08:27:39.000Z,231521,"UK","paid",6711
316,2026-01-01 08:29:37.000Z,671942,"PL","cancelled",3412
317,2026-01-01 08:31:51.000Z,155079,"UK","paid",9681
318,2026-01-01 08:32:33.000Z,453044,"SE","paid",3162
319,2026-01-01 08:34:19.000Z,790973,"US","paid",7408
320,2026-01-01 08:35:53.000Z,631250,"US","paid",5673
321,2026-01-01 08:37:23.000Z,960163,"UK","paid",382
322,2026-01-01 08:39:25.000Z,458528,"UK","paid",4935
323,2026-01-01 08:41:19.000Z,660025,"US","paid",8227
324,2026-01-01 08:42:33.000Z,387902,"UK","paid",2940
325,2026-01-01 08:44:27.000Z,573919,"FR","paid",5070
326,2026-01-01 08:45:37.000Z,935212,"PL","refunded",497
327,2026-01-01 08:47:03.000Z,942581,"UK","paid",3135
328,2026-01-01 08:48:57.000Z,958378,"UK","paid",8362
329,2026-01-01 08:50:35.000Z,972059,"UK","paid",4913
330,2026-01-01 08:52:33.000Z,526520,"SE","paid",3510
331,2026-01-01 08:54:15.000Z,542065,"UK","paid",6820
332,2026-01-01 08:55:37.000Z,660790,"FR","paid",5578
333,2026-01-01 08:56:47.000Z,939703,"FR","paid",422
334,2026-01-01 08:59:05.000Z,533604,"DE","paid",4806
335,2026-01-01 09:00:19.000Z,859981,"PL","paid",9350
336,2026-01-01 09:01:37.000Z,245922,"UK","paid",1963
337,2026-01-01 09:04:03.000Z,374131,"UK","paid",4473
338,2026-01-01 09:05:09.000Z,167760,"US","paid",9378
339,2026-01-01 09:06:27.000Z,441641,"PL","paid",840
340,2026-01-01 09:08:21.000Z,715918,"PL","paid",4249
341,2026-01-01 09:10:07.000Z,436207,"DE","paid",2743
342,2026-01-01 09:11:37.000Z,577020,"FR","paid",4338
343,2026-01-01 09:13:15.000Z,765541,"UK","paid",9111
344,2026-01-01 09:14:53.000Z,673562,"US","paid",5708
345,2026-01-01 09:16:55.000Z,372267,"UK","paid",5341
346,2026-01-01 09:18:05.000Z,702600,"DE","paid",3601
347,2026-01-01 09:19:55.000Z,565633,"UK","paid",7717
348,2026-01-01 09:21:13.000Z,608934,"UK","paid",2490
349,2026-01-01 09:23:35.000Z,532359,"DE","paid",5050
350,2026-01-01 09:25:05.000Z,295412,"UK","paid",3856
351,2026-01-01 09:26:23.000Z,655933,"SE","cancelled",5299
352,2026-01-01 09:28:25.000Z,373298,"SE","paid",2446
353,2026-01-01 09:29:43.000Z,559459,"UK","paid",1818
354,2026-01-01 09:31:21.000Z,348320,"UK","paid",7508
355,2026-01-01 09:33:11.000Z,664953,"SE","paid",3273
356,2026-01-01 09:34:13.000Z,154558,"FR","paid",4470
357,2026-01-01 09:36:15.000Z,455423,"US","cancelled",2577
358,2026-01-01 09:37:09.000Z,408940,"UK","paid",4870
359,2026-01-01 09:39:19.000Z,525493,"FR","paid",3682
360,2026-01-01 09:40:29.000Z,769546,"UK","paid",2423
361,2026-01-01 09:42:55.000Z,320315,"FR","paid",503
362,2026-01-01 09:44:33.000Z,526776,"UK","paid",4486
363,2026-01-01 09:45:59.000Z,851185,"FR","cancelled",2162
364,2026-01-01 09:47:13.000Z,947222,"US","paid",733
365,2026-01-01 09:49:19.000Z,779671,"US","paid",1607
366,2026-01-01 09:50:13.000Z,203268,"PL","paid",8814
367,2026-01-01 09:51:43.000Z,457901,"UK","paid",4689
368,2026-01-01 09:54:09.000Z,245730,"DE","paid",2134
369,2026-01-01 09:55:39.000Z,920243,"FR","paid",4193
370,2026-01-01 09:56:37.000Z,843824,"SE","paid",620
371,2026-01-01 09:58:39.000Z,377769,"UK","paid",3474
372,2026-01-01 10:00:01.000Z,318894,"UK","paid",5337
373,2026-01-01 10:02:03.000Z,479599,"PL","paid",2365
374,2026-01-01 10:03:45.000Z,815004,"US","paid",3985
375,2026-01-01 10:04:51.000Z,629573,"DE","paid",2665
376,2026-01-01 10:07:09.000Z,678874,"SE","paid",7771
377,2026-01-01 10:08:23.000Z,557291,"DE","cancelled",2027
378,2026-01-01 10:10:09.000Z,677000,"PL","paid",2278
379,2026-01-01 10:11:27.000Z,183841,"DE","cancelled",1974
380,2026-01-01 10:13:37.000Z,654214,"UK","paid",1270
381,2026-01-01 10:14:27.000Z,947687,"PL","paid",5481
382,2026-01-01 10:16:13.000Z,370676,"FR","paid",4302
383,2026-01-01 10:17:39.000Z,679485,"UK","paid",6218
384,2026-01-01 10:19:41.000Z,718930,"UK","paid",1198
385,2026-01-01 10:21:47.000Z,543939,"DE","paid",4634
386,2026-01-01 10:23:01.000Z,234976,"DE","paid",3840
387,2026-01-01 10:24:51.000Z,555449,"UK","paid",9302
388,2026-01-01 10:26:05.000Z,113886,"US","paid",808
389,2026-01-01 10:27:23.000Z,609407,"SE","paid",3239
390,2026-01-01 10:29:49.000Z,632076,"UK","paid",7466
391,2026-01-01 10:31:23.000Z,559893,"US","cancelled",3332
392,2026-01-01 10:32:45.000Z,952458,"DE","paid",624
393,2026-01-01 10:34:23.000Z,222619,"US","paid",557
394,2026-01-01 10:35:21.000Z,272440,"FR","refunded",4984
395,2026-01-01 10:37:27.000Z,582129,"US","paid",3023
396,2026-01-01 10:39:29.000Z,977014,"SE","paid",924
397,2026-01-01 10:40:59.000Z,437367,"SE","paid",2634
398,2026-01-01 10:41:49.000Z,449860,"UK","paid",8665
399,2026-01-01 10:43:39.000Z,900653,"UK","paid",794
400,2026-01-01 10:45:33.000Z,394690,"PL","paid",3991
401,2026-01-01 10:47:07.000Z,729427,"US","paid",5121
402,2026-01-01 10:49:09.000Z,313232,"UK","refunded",4302
403,2026-01-01 10:50:35.000Z,663561,"UK","paid",5266
404,2026-01-01 10:52:13.000Z,793582,"UK","paid",1672
405,2026-01-01 10:53:15.000Z,795407,"UK","paid",4358
406,2026-01-01 10:55:29.000Z,870684,"SE","paid",6683
407,2026-01-01 10:56:55.000Z,939973,"PL","paid",5502
408,2026-01-01 10:58:33.000Z,449594,"UK","paid",6858
409,2026-01-01 10:59:51.000Z,234955,"PL","paid",9528
410,2026-01-01 11:01:17.000Z,928904,"UK","paid",2654
411,2026-01-01 11:03:07.000Z,846177,"PL","paid",8375
412,2026-01-01 11:04:49.000Z,506822,"DE","paid",7494
413,2026-01-01 11:07:03.000Z,265479,"UK","paid",3272
414,2026-01-01 11:08:09.000Z,987188,"US","paid",4510
415,2026-01-01 11:09:35.000Z,866877,"FR","paid",3351
416,2026-01-01 11:11:17.000Z,261842,"FR","paid",6105
417,2026-01-01 11:12:47.000Z,188035,"PL","paid",6321
418,2026-01-01 11:14:21.000Z,738112,"PL","paid",8027
419,2026-01-01 11:15:59.000Z,724313,"FR","paid",3314
420,2026-01-01 11:17:57.000Z,932894,"SE","paid",6100
421,2026-01-01 11:19:47.000Z,769887,"UK","paid",5851
422,2026-01-01 11:21:13.000Z,523276,"DE","paid",4422
423,2026-01-01 11:22:23.000Z,431989,"SE","paid",6233
424,2026-01-01 11:24:21.000Z,226090,"PL","paid",1020
425,2026-01-01 11:25:39.000Z,838491,"SE","paid",1693
426,2026-01-01 11:27:49.000Z,432504,"US","paid",4758
427,2026-01-01 11:28:43.000Z,173201,"SE","paid",1126
428,2026-01-01 11:31:09.000Z,532470,"UK","paid",2473
429,2026-01-01 11:32:23.000Z,861847,"UK","paid",6840
430,2026-01-01 11:33:49.000Z,696836,"UK","paid",5795
431,2026-01-01 11:35:55.000Z,819085,"DE","paid",8755
432,2026-01-01 11:37:17.000Z,217090,"UK","paid",5764
433,2026-01-01 11:39:07.000Z,689843,"SE","paid",3515
434,2026-01-01 11:40:17.000Z,790736,"FR","paid",2634
435,2026-01-01 11:42:35.000Z,662857,"DE","paid",9058
436,2026-01-01 11:44:13.000Z,650318,"DE","cancelled",8569
437,2026-01-01 11:45:43.000Z,544111,"UK","paid",3502
438,2026-01-01 11:46:49.000Z,368700,"UK","paid",6071
439,2026-01-01 11:48:07.000Z,734021,"UK","paid",4403
440,2026-01-01 11:50:13.000Z,326170,"FR","paid",1055
441,2026-01-01 11:51:23.000Z,236683,"UK","paid",8588
442,2026-01-01 11:53:37.000Z,813320,"UK","cancelled",8277
443,2026-01-01 11:54:35.000Z,120161,"UK","paid",138
444,2026-01-01 11:56:25.000Z,115974,"PL","paid",5656
445,2026-01-01 11:57:59.000Z,619431,"UK","paid",2898
446,2026-01-01 11:59:33.000Z,683508,"SE","refunded",7342
447,2026-01-01 12:01:19.000Z,274557,"US","paid",5887
448,2026-01-01 12:03:09.000Z,105970,"US","paid",783
449,2026-01-01 12:04:39.000Z,695523,"UK","paid",9335
450,2026-01-01 12:06:05.000Z,916672,"UK","paid",1332
451,2026-01-01 12:08:11.000Z,155481,"US","paid",5325
452,2026-01-01 12:09:17.000Z,597950,"UK","paid",7955
453,2026-01-01 12:11:31.000Z,423807,"FR","paid",1179
454,2026-01-01 12:13:01.000Z,580460,"PL","paid",5856
455,2026-01-01 12:13:59.000Z,295541,"UK","paid",3245
456,2026-01-01 12:16:13.000Z,719658,"UK","paid",906
457,2026-01-01 12:18:11.000Z,971259,"UK","paid",8381
458,2026-01-01 12:18:53.000Z,282584,"SE","paid",9503
459,2026-01-01 12:20:47.000Z,453841,"UK","paid",1513
460,2026-01-01 12:22:05.000Z,880662,"FR","paid",6513
461,2026-01-01 12:23:47.000Z,389687,"FR","paid",7882
462,2026-01-01 12:25:53.000Z,565156,"DE","paid",3664
463,2026-01-01 12:26:55.000Z,826061,"PL","refunded",9454
464,2026-01-01 12:29:29.000Z,429218,"UK","paid",6979
465,2026-01-01 12:30:19.000Z,186291,"UK","paid",9676
466,2026-01-01 12:31:57.000Z,879472,"US","paid",5634
467,2026-01-01 12:33:23.000Z,696041,"PL","paid",2952
468,2026-01-01 12:35:09.000Z,616910,"PL","paid",7378
469,2026-01-01 12:36:59.000Z,690063,"DE","paid",5109
470,2026-01-01 12:38:37.000Z,114844,"FR","paid",7303
471,2026-01-01 12:39:51.000Z,214661,"UK","paid",5030
472,2026-01-01 12:41:45.000Z,542938,"US","paid",7079
473,2026-01-01 12:43:23.000Z,372299,"UK","paid",5951
474,2026-01-01 12:45:05.000Z,824584,"DE","paid",9663
475,2026-01-01 12:47:11.000Z,297153,"UK","paid",4224
476,2026-01-01 12:48:49.000Z,433894,"UK","cancelled",2802
477,2026-01-01 12:49:55.000Z,881703,"DE","paid",7819
478,2026-01-01 12:51:57.000Z,979348,"UK","paid",7368
479,2026-01-01 12:53:03.000Z,506397,"SE","paid",4358
480,2026-01-01 12:54:25.000Z,181842,"SE","paid",8100
481,2026-01-01 12:56:07.000Z,113987,"UK","refunded",4179
482,2026-01-01 12:57:37.000Z,885280,"UK","paid",1901
483,2026-01-01 13:00:07.000Z,107673,"SE","paid",8655
484,2026-01-01 13:01:09.000Z,945598,"FR","paid",438
485,2026-01-01 13:03:27.000Z,129279,"US","paid",9493
486,2026-01-01 13:04:17.000Z,117292,"UK","paid",2053
487,2026-01-01 13:06:27.000Z,486325,"FR","paid",4523
488,2026-01-01 13:07:21.000Z,605322,"UK","paid",7544
489,2026-01-01 13:09:27.000Z,620891,"FR","paid",9427
490,2026-01-01 13:10:37.000Z,719384,"UK","paid",4042
491,2026-01-01 13:12:43.000Z,928273,"FR","paid",2327
492,2026-01-01 13:14:33.000Z,440726,"US","paid",8260
493,2026-01-01 13:15:35.000Z,710391,"US","paid",1282
494,2026-01-01 13:17:25.000Z,773284,"PL","paid",7756
495,2026-01-01 13:19:27.000Z,418349,"UK","paid",601
496,2026-01-01 13:21:09.000Z,992194,"DE","paid",4758
497,2026-01-01 13:22:19.000Z,931027,"FR","paid",1740
498,2026-01-01 13:23:53.000Z,321904,"SE","paid",384
499,2026-01-01 13:25:11.000Z,909225,"UK","paid",6521
500,2026-01-01 13:27:33.000Z,373230,"UK","paid",3230
501,2026-01-01 13:28:43.000Z,150543,"PL","refunded",6459
502,2026-01-01 13:30:29.000Z,212412,"US","paid",7654
503,2026-01-01 13:32:15.000Z,750501,"DE","paid",2232
504,2026-01-01 13:33:57.000Z,160826,"SE","paid",1698
505,2026-01-01 13:34:59.000Z,580971,"DE","paid",3425
506,2026-01-01 13:36:41.000Z,963656,"PL","paid",3272
507,2026-01-01 13:38:43.000Z,794241,"DE","paid",9761
508,2026-01-01 13:40:01.000Z,862982,"UK","paid",2531
509,2026-01-01 13:41:31.000Z,493735,"PL","paid",3975
510,2026-01-01 13:43:45.000Z,975572,"FR","paid",774
511,2026-01-01 13:44:31.000Z,333821,"UK","paid",5708
512,2026-01-01 13:46:09.000Z,879282,"UK","paid",1900
513,2026-01-01 13:48:03.000Z,471299,"DE","paid",4887
514,2026-01-01 13:50:17.000Z,181536,"DE","paid",4533
515,2026-01-01 13:50:59.000Z,179801,"UK","paid",1376
516,2026-01-01 13:53:17.000Z,231742,"US","paid",571
517,2026-01-01 13:54:43.000Z,280991,"SE","paid",3023
518,2026-01-01 13:56:09.000Z,926700,"UK","paid",7181
519,2026-01-01 13:58:03.000Z,873077,"US","paid",8585
520,2026-01-01 13:59:05.000Z,565482,"DE","paid",7633
521,2026-01-01 14:00:51.000Z,314811,"US","paid",1077
522,2026-01-01 14:03:01.000Z,262584,"FR","cancelled",9257
523,2026-01-01 14:04:39.000Z,675505,"US","paid",4715
524,2026-01-01 14:05:49.000Z,832918,"SE","paid",8150
525,2026-01-01 14:07:51.000Z,900983,"SE","paid",2585
526,2026-01-01 14:09:25.000Z,353540,"UK","paid",6191
527,2026-01-01 14:10:55.000Z,174733,"UK","paid",9098
528,2026-01-01 14:12:49.000Z,275490,"PL","paid",7831
529,2026-01-01 14:14:27.000Z,265651,"US","paid",2408
530,2026-01-01 14:15:37.000Z,899824,"UK","paid",537
531,2026-01-01 14:16:59.000Z,856009,"UK","paid",3566
532,2026-01-01 14:19:13.000Z,267566,"UK","paid",5653
533,2026-01-01 14:20:39.000Z,881295,"UK","paid",3816
534,2026-01-01 14:22:29.000Z,794908,"SE","paid",7248
535,2026-01-01 14:23:43.000Z,710405,"PL","paid",8094
536,2026-01-01 14:25:33.000Z,500058,"UK","paid",1756
537,2026-01-01 14:27:23.000Z,512971,"PL","cancelled",9842
538,2026-01-01 14:28:25.000Z,968936,"UK","cancelled",4704
539,2026-01-01 14:30:15.000Z,101409,"PL","paid",1453
540,2026-01-01 14:31:41.000Z,824998,"DE","paid",1702
541,2026-01-01 14:33:51.000Z,617191,"UK","paid",8050
542,2026-01-01 14:34:41.000Z,619604,"US","paid",6802
543,2026-01-01 14:37:11.000Z,593917,"FR","paid",6065
544,2026-01-01 14:37:53.000Z,682002,"FR","paid",4355
545,2026-01-01 14:40:15.000Z,722787,"PL","paid",3226
546,2026-01-01 14:41:33.000Z,864128,"PL","paid",2956
547,2026-01-01 14:43:27.000Z,696505,"FR","paid",3028
548,2026-01-01 14:44:33.000Z,897054,"SE","paid",487
549,2026-01-01 14:46:51.000Z,293855,"UK","paid",4540
550,2026-01-01 14:47:37.000Z,582764,"DE","paid",7321
551,2026-01-01 14:50:03.000Z,857493,"SE","paid",2306
552,2026-01-01 14:50:57.000Z,109130,"PL","paid",7325
553,2026-01-01 14:52:31.000Z,709787,"SE","paid",4337
554,2026-01-01 14:54:01.000Z,454840,"US","paid",2883
555,2026-01-01 14:56:15.000Z,714737,"SE","paid",4579
556,2026-01-01 14:57:33.000Z,829558,"UK","paid",703
557,2026-01-01 14:58:55.000Z,775063,"UK","refunded",8992
558,2026-01-01 15:00:45.000Z,419396,"UK","paid",8501
559,2026-01-01 15:02:43.000Z,206957,"DE","paid",711
560,2026-01-01 15:04:37.000Z,226114,"UK","paid",3547
561,2026-01-01 15:05:23.000Z,810163,"SE","paid",978
562,2026-01-01 15:07:13.000Z,867056,"FR","paid",7538
563,2026-01-01 15:08:35.000Z,397481,"DE","paid",1513
564,2026-01-01 15:10:41.000Z,982030,"DE","paid",519
565,2026-01-01 15:12:23.000Z,823695,"UK","paid",6037
566,2026-01-01 15:13:33.000Z,476988,"UK","paid",7820
567,2026-01-01 15:15:23.000Z,528901,"UK","cancelled",4082
568,2026-01-01 15:17:37.000Z,891098,"FR","paid",3538
569,2026-01-01 15:18:23.000Z,764267,"UK","paid",9710
570,2026-01-01 15:20:37.000Z,252744,"UK","paid",4980
571,2026-01-01 15:22:27.000Z,218017,"UK","paid",4961
572,2026-01-01 15:23:21.000Z,159174,"PL","paid",2809
573,2026-01-01 15:24:55.000Z,868551,"UK","paid",6424
574,2026-01-01 15:26:21.000Z,140020,"SE","paid",6710
575,2026-01-01 15:28:31.000Z,756733,"US","refunded",9717
576,2026-01-01 15:30:13.000Z,416658,"US","paid",8001
577,2026-01-01 15:32:07.000Z,769475,"UK","paid",6240
578,2026-01-01 15:33:05.000Z,982016,"UK","paid",6330
579,2026-01-01 15:34:51.000Z,406265,"US","paid",7691
580,2026-01-01 15:36:41.000Z,399678,"UK","paid",7851
581,2026-01-01 15:37:55.000Z,486655,"FR","paid",7747
582,2026-01-01 15:39:41.000Z,624364,"PL","paid",9551
583,2026-01-01 15:41:27.000Z,106933,"UK","paid",1346
584,2026-01-01 15:43:25.000Z,104554,"UK","paid",3347
585,2026-01-01 15:44:11.000Z,708283,"UK","paid",5993
586,2026-01-01 15:45:57.000Z,127192,"SE","refunded",359
587,2026-01-01 15:47:23.000Z,823601,"UK","paid",410
588,2026-01-01 15:49:25.000Z,604086,"FR","paid",5459
589,2026-01-01 15:50:55.000Z,317399,"FR","paid",7609
590,2026-01-01 15:52:45.000Z,314532,"DE","paid",7266
591,2026-01-01 15:54:31.000Z,327021,"PL","paid",7939
592,2026-01-01 15:55:45.000Z,634018,"UK","paid",9019
593,2026-01-01 15:57:15.000Z,646611,"UK","paid",2439
594,2026-01-01 15:58:41.000Z,600400,"US","paid",9385
595,2026-01-01 16:00:51.000Z,769513,"PL","paid",896
596,2026-01-01 16:02:09.000Z,518094,"PL","paid",6560
597,2026-01-01 16:04:11.000Z,706639,"DE","paid",2396
598,2026-01-01 16:05:29.000Z,854460,"FR","paid",2820
599,2026-01-01 16:07:23.000Z,173477,"UK","paid",9525
600,2026-01-01 16:08:25.000Z,391002,"US","paid",2978
601,2026-01-01 16:10:23.000Z,176523,"UK","paid",2813
602,2026-01-01 16:11:53.000Z,832136,"DE","paid",3534
603,2026-01-01 16:13:31.000Z,583617,"UK","paid",1095
604,2026-01-01 16:15:49.000Z,273158,"UK","paid",2838
605,2026-01-01 16:16:35.000Z,449927,"DE","paid",7969
606,2026-01-01 16:18:57.000Z,779252,"UK","paid",3988
607,2026-01-01 16:19:51.000Z,641629,"SE","paid",9724
608,2026-01-01 16:21:57.000Z,636498,"SE","paid",5026
609,2026-01-01 16:23:23.000Z,390787,"UK","paid",7372
610,2026-01-01 16:24:57.000Z,372544,"UK","paid",2119
611,2026-01-01 16:26:19.000Z,165049,"SE","paid",3373
612,2026-01-01 16:28:05.000Z,717118,"FR","paid",3785
613,2026-01-01 16:30:23.000Z,198399,"US","paid",7394
614,2026-01-01 16:31:33.000Z,653292,"UK","paid",4824
615,2026-01-01 16:32:39.000Z,772661,"FR","paid",8489
616,2026-01-01 16:34:33.000Z,497578,"UK","paid",745
617,2026-01-01 16:36:31.000Z,640219,"FR","paid",263
618,2026-01-01 16:37:49.000Z,966360,"UK","cancelled",4507
619,2026-01-01 16:39:59.000Z,354513,"FR","paid",3603
620,2026-01-01 16:41:29.000Z,182006,"US","paid",6342
621,2026-01-01 16:42:59.000Z,982039,"US","paid",7626
622,2026-01-01 16:44:29.000Z,480132,"PL","paid",6990
623,2026-01-01 16:46:19.000Z,361645,"UK","paid",4201
624,2026-01-01 16:47:37.000Z,115746,"DE","cancelled",1409
625,2026-01-01 16:49:31.000Z,435443,"FR","paid",8079
626,2026-01-01 16:51:17.000Z,381392,"SE","paid",2496
627,2026-01-01 16:52:35.000Z,899113,"UK","paid",5661
628,2026-01-01 16:53:57.000Z,161998,"UK","paid",7715
629,2026-01-01 16:55:51.000Z,362895,"PL","refunded",2602
630,2026-01-01 16:57:25.000Z,769692,"US","paid",8755
631,2026-01-01 16:58:43.000Z,860933,"DE","paid",2824
632,2026-01-01 17:00:33.000Z,567066,"SE","paid",5153
633,2026-01-01 17:01:51.000Z,902507,"DE","paid",5859
634,2026-01-01 17:03:37.000Z,463496,"PL","paid",6571
635,2026-01-01 17:05:43.000Z,212545,"DE","cancelled",3372
636,2026-01-01 17:07:17.000Z,626662,"UK","paid",2763
637,2026-01-01 17:08:23.000Z,450951,"PL","paid",1976
638,2026-01-01 17:10:41.000Z,544532,"FR","paid",3330
639,2026-01-01 17:12:23.000Z,417277,"UK","paid",7718
640,2026-01-01 17:13:57.000Z,637714,"UK","refunded",7482
641,2026-01-01 17:15:39.000Z,479139,"DE","paid",4620
642,2026-01-01 17:17:09.000Z,996032,"DE","paid",3943
643,2026-01-01 17:18:11.000Z,487257,"UK","paid",474
644,2026-01-01 17:19:45.000Z,477054,"US","paid",5570
645,2026-01-01 17:21:59.000Z,404671,"SE","paid",9583
646,2026-01-01 17:23:33.000Z,719788,"UK","paid",4681
647,2026-01-01 17:24:31.000Z,604309,"US","paid",6626
648,2026-01-01 17:26:21.000Z,793322,"DE","paid",5038
649,2026-01-01 17:27:55.000Z,964859,"US","paid",6133
650,2026-01-01 17:29:25.000Z,398392,"FR","paid",5114
651,2026-01-01 17:31:47.000Z,767377,"US","paid",9584
652,2026-01-01 17:32:41.000Z,906294,"SE","paid",2808
653,2026-01-01 17:34:55.000Z,710551,"SE","paid",8549
654,2026-01-01 17:35:53.000Z,738532,"UK","paid",3889
655,2026-01-01 17:37:31.000Z,821453,"UK","paid",9443
656,2026-01-01 17:39:49.000Z,614434,"PL","paid",7035
657,2026-01-01 17:41:23.000Z,966451,"US","paid",4350
658,2026-01-01 17:42:13.000Z,814544,"UK","paid",9441
659,2026-01-01 17:44:15.000Z,837129,"UK","paid",4198
660,2026-01-01 17:46:17.000Z,717454,"UK","paid",3458
661,2026-01-01 17:47:19.000Z,278159,"UK","paid",8331
662,2026-01-01 17:49:13.000Z,162556,"SE","refunded",4557
663,2026-01-01 17:50:39.000Z,808325,"PL","paid",9313
664,2026-01-01 17:52:17.000Z,578586,"UK","paid",6539
665,2026-01-01 17:53:59.000Z,724331,"PL","paid",920
666,2026-01-01 17:56:01.000Z,742536,"UK","paid",7263
667,2026-01-01 17:57:15.000Z,310273,"PL","paid",8924
668,2026-01-01 17:58:41.000Z,113222,"DE","paid",9598
669,2026-01-01 18:00:23.000Z,165127,"UK","paid",8071
670,2026-01-01 18:01:57.000Z,906004,"US","paid",3198
671,2026-01-01 18:03:27.000Z,768957,"FR","paid",3179
672,2026-01-01 18:05:33.000Z,510386,"FR","paid",6449
673,2026-01-01 18:07:19.000Z,570755,"PL","paid",3827
674,2026-01-01 18:08:13.000Z,384832,"PL","paid",3314
675,2026-01-01 18:09:43.000Z,478425,"FR","cancelled",2909
676,2026-01-01 18:11:21.000Z,126526,"SE","refunded",3947
677,2026-01-01 18:13:15.000Z,452223,"UK","paid",428
678,2026-01-01 18:15:21.000Z,820652,"DE","paid",4120
679,2026-01-01 18:16:55.000Z,484469,"SE","paid",6611
680,2026-01-01 18:17:53.000Z,139850,"PL","cancelled",2009
681,2026-01-01 18:19:31.000Z,470811,"SE","paid",7949
682,2026-01-01 18:21:13.000Z,505016,"US","paid",9047
683,2026-01-01 18:23:11.000Z,145937,"SE","paid",8116
684,2026-01-01 18:24:21.000Z,371990,"UK","paid",8197
685,2026-01-01 18:26:03.000Z,148375,"UK","refunded",619
686,2026-01-01 18:28:13.000Z,858628,"UK","paid",7339
687,2026-01-01 18:29:23.000Z,766381,"DE","paid",2679
688,2026-01-01 18:31:01.000Z,116162,"UK","paid",2775
689,2026-01-01 18:33:15.000Z,124179,"SE","paid",4117
690,2026-01-01 18:34:37.000Z,127344,"FR","refunded",9649
691,2026-01-01 18:35:47.000Z,460137,"DE","paid",6461
692,2026-01-01 18:37:53.000Z,223886,"DE","paid",6732
693,2026-01-01 18:39:11.000Z,125647,"UK","paid",1679
694,2026-01-01 18:40:45.000Z,237724,"UK","paid",9958
695,2026-01-01 18:42:47.000Z,947429,"UK","paid",5149
696,2026-01-01 18:43:45.000Z,629690,"FR","cancelled",1204
697,2026-01-01 18:45:19.000Z,902507,"UK","paid",5968
698,2026-01-01 18:46:57.000Z,720648,"UK","paid",5962
699,2026-01-01 18:49:07.000Z,589761,"UK","paid",8811
700,2026-01-01 18:50:37.000Z,345734,"PL","paid",3821
701,2026-01-01 18:51:55.000Z,522535,"UK","paid",7733
702,2026-01-01 18:54:09.000Z,998612,"SE","paid",3258
703,2026-01-01 18:55:15.000Z,931261,"US","paid",4159
704,2026-01-01 18:57:01.000Z,803890,"US","paid",3383
705,2026-01-01 18:58:47.000Z,498499,"UK","paid",5076
706,2026-01-01 19:00:05.000Z,559680,"UK","paid",9648
707,2026-01-01 19:01:43.000Z,284281,"US","paid",9348
708,2026-01-01 19:03:33.000Z,613694,"UK","paid",4774
709,2026-01-01 19:04:59.000Z,424383,"FR","paid",7096
710,2026-01-01 19:06:37.000Z,417484,"PL","paid",9242
711,2026-01-01 19:07:51.000Z,912341,"UK","paid",7243
712,2026-01-01 19:09:33.000Z,195466,"UK","paid",6384
713,2026-01-01 19:11:15.000Z,190491,"UK","paid",7809
714,2026-01-01 19:13:29.000Z,907288,"SE","paid",244
715,2026-01-01 19:14:55.000Z,816017,"UK","paid",1042
716,2026-01-01 19:16:05.000Z,442550,"FR","paid",645
717,2026-01-01 19:17:43.000Z,510231,"FR","paid",6057
718,2026-01-01 19:19:53.000Z,157764,"DE","paid",7704
719,2026-01-01 19:21:03.000Z,505677,"PL","paid",1199
720,2026-01-01 19:23:13.000Z,917250,"UK","paid",4351
721,2026-01-01 19:24:43.000Z,987923,"UK","paid",7054
722,2026-01-01 19:25:53.000Z,952016,"US","paid",865
723,2026-01-01 19:27:39.000Z,684905,"PL","cancelled",7259
724,2026-01-01 19:29:37.000Z,905486,"PL","paid",5589
725,2026-01-01 19:30:35.000Z,482447,"DE","paid",4974
726,2026-01-01 19:32:13.000Z,346428,"FR","refunded",8349
727,2026-01-01 19:34:07.000Z,193925,"UK","paid",3112
728,2026-01-01 19:35:53.000Z,400154,"US","paid",3905
729,2026-01-01 19:37:51.000Z,859595,"UK","paid",5163
730,2026-01-01 19:38:49.000Z,421256,"DE","paid",712
731,2026-01-01 19:40:31.000Z,422401,"UK","paid",6585
732,2026-01-01 19:42:41.000Z,738214,"UK","paid",827
733,2026-01-01 19:43:59.000Z,740775,"DE","cancelled",2462
734,2026-01-01 19:45:17.000Z,971156,"UK","paid",5608
735,2026-01-01 19:46:59.000Z,571741,"SE","paid",7070
736,2026-01-01 19:48:57.000Z,977842,"SE","paid",8880
737,2026-01-01 19:50:31.000Z,706339,"UK","paid",5577
738,2026-01-01 19:52:01.000Z,515232,"UK","paid",7781
739,2026-01-01 19:53:35.000Z,859929,"SE","refunded",9914
740,2026-01-01 19:55:09.000Z,771486,"FR","paid",8820
741,2026-01-01 19:57:07.000Z,157407,"US","paid",9122
742,2026-01-01 19:58:13.000Z,634796,"UK","refunded",119
743,2026-01-01 20:00:19.000Z,120085,"FR","paid",5582
744,2026-01-01 20:02:05.000Z,628714,"UK","paid",2426
745,2026-01-01 20:02:55.000Z,469307,"FR","paid",2459
746,2026-01-01 20:04:53.000Z,314648,"UK","paid",344
747,2026-01-01 20:06:39.000Z,994577,"FR","paid",3524
748,2026-01-01 20:08:29.000Z,782550,"US","paid",3109
749,2026-01-01 20:10:11.000Z,565655,"US","paid",6877
750,2026-01-01 20:11:37.000Z,599844,"PL","paid",8508
751,2026-01-01 20:12:39.000Z,781549,"UK","refunded",749
752,2026-01-01 20:14:37.000Z,540610,"DE","paid",7333
753,2026-01-01 20:16:31.000Z,717267,"FR","paid",6666
754,2026-01-01 20:18:13.000Z,760112,"SE","paid",7399
755,2026-01-01 20:19:23.000Z,202985,"UK","paid",4405
756,2026-01-01 20:21:13.000Z,903918,"UK","paid",3613
757,2026-01-01 20:22:47.000Z,778575,"PL","paid",2812
758,2026-01-01 20:23:49.000Z,204700,"US","paid",4124
759,2026-01-01 20:25:39.000Z,596453,"DE","paid",4343
760,2026-01-01 20:27:41.000Z,112698,"SE","paid",9660
761,2026-01-01 20:28:55.000Z,796555,"DE","paid",8665
762,2026-01-01 20:30:49.000Z,107112,"PL","paid",6225
763,2026-01-01 20:32:27.000Z,387073,"DE","paid",9627
764,2026-01-01 20:34:29.000Z,305798,"UK","paid",1431
765,2026-01-01 20:35:43.000Z,690375,"PL","paid",5526
766,2026-01-01 20:37:05.000Z,269940,"FR","paid",4474
767,2026-01-01 20:38:27.000Z,439965,"UK","paid",7820
768,2026-01-01 20:40:01.000Z,134802,"UK","paid",3900
769,2026-01-01 20:42:27.000Z,700291,"DE","paid",8325
770,2026-01-01 20:43:33.000Z,950880,"DE","cancelled",864
771,2026-01-01 20:45:07.000Z,517017,"UK","paid",9695
772,2026-01-01 20:46:29.000Z,268542,"US","paid",626
773,2026-01-01 20:48:39.000Z,726015,"SE","paid",4828
774,2026-01-01 20:50:25.000Z,512844,"UK","paid",6288
775,2026-01-01 20:51:55.000Z,121877,"US","paid",8084
776,2026-01-01 20:53:17.000Z,751082,"DE","paid",4163
777,2026-01-01 20:54:47.000Z,714715,"US","paid",4336
778,2026-01-01 20:57:01.000Z,459512,"FR","paid",7642
779,2026-01-01 20:58:35.000Z,838769,"US","paid",5673
780,2026-01-01 20:59:25.000Z,824982,"SE","paid",3339
781,2026-01-01 21:01:59.000Z,720759,"SE","paid",6352
782,2026-01-01 21:03:01.000Z,829924,"UK","cancelled",4987
783,2026-01-01 21:04:55.000Z,718221,"UK","paid",6475
784,2026-01-01 21:06:29.000Z,652098,"PL","paid",7359
785,2026-01-01 21:08:03.000Z,431955,"US","paid",4717
786,2026-01-01 21:09:37.000Z,862512,"UK","paid",933
787,2026-01-01 21:11:19.000Z,713417,"UK","paid",9437
788,2026-01-01 21:12:57.000Z,996558,"UK","paid",7960
789,2026-01-01 21:14:43.000Z,531567,"UK","refunded",9709
790,2026-01-01 21:15:57.000Z,291484,"SE","paid",5346
791,2026-01-01 21:17:51.000Z,702021,"PL","paid",9888
792,2026-01-01 21:19:45.000Z,867578,"UK","paid",2006
793,2026-01-01 21:20:27.000Z,960043,"PL","paid",2310
794,2026-01-01 21:22:49.000Z,196648,"UK","paid",4794
795,2026-01-01 21:23:43.000Z,470145,"PL","paid",9343
796,2026-01-01 21:26:09.000Z,699334,"DE","paid",123
797,2026-01-01 21:26:55.000Z,329383,"UK","paid",713
798,2026-01-01 21:29:01.000Z,338772,"US","paid",6003
799,2026-01-01 21:30:43.000Z,985757,"FR","paid",9653
800,2026-01-01 21:32:05.000Z,703922,"FR","paid",8655
801,2026-01-01 21:34:15.000Z,115715,"PL","paid",1480
802,2026-01-01 21:35:45.000Z,838048,"PL","paid",9543
803,2026-01-01 21:37:11.000Z,741977,"FR","paid",6883
804,2026-01-01 21:38:29.000Z,823678,"SE","paid",886
805,2026-01-01 21:40:27.000Z,990559,"UK","paid",5125
806,2026-01-01 21:41:25.000Z,587500,"DE","paid",2379
807,2026-01-01 21:43:23.000Z,748501,"SE","paid",9152
808,2026-01-01 21:45:01.000Z,417002,"PL","paid",5886
809,2026-01-01 21:46:19.000Z,128923,"SE","paid",2789
810,2026-01-01 21:48:01.000Z,446328,"US","paid",8228
811,2026-01-01 21:50:15.000Z,247825,"SE","paid",9681
812,2026-01-01 21:52:01.000Z,671254,"UK","paid",3384
813,2026-01-01 21:53:03.000Z,401879,"UK","paid",8799
814,2026-01-01 21:55:17.000Z,506916,"UK","paid",4713
815,2026-01-01 21:56:07.000Z,207469,"DE","paid",331
816,2026-01-01 21:58:17.000Z,844162,"UK","paid",9615
817,2026-01-01 21:59:35.000Z,564723,"SE","paid",7524
818,2026-01-01 22:00:53.000Z,109424,"FR","paid",9413
819,2026-01-01 22:02:51.000Z,790025,"DE","paid",7201
820,2026-01-01 22:04:21.000Z,829198,"DE","paid",481
821,2026-01-01 22:06:35.000Z,895535,"UK","paid",2037
822,2026-01-01 22:07:25.000Z,801468,"UK","paid",243
823,2026-01-01 22:09:35.000Z,641541,"UK","paid",7920
824,2026-01-01 22:11:29.000Z,540698,"FR","paid",4967
825,2026-01-01 22:12:51.000Z,658763,"UK","refunded",7422
826,2026-01-01 22:14:21.000Z,363976,"UK","paid",5689
827,2026-01-01 22:16:19.000Z,316417,"UK","paid",9634
828,2026-01-01 22:17:49.000Z,470790,"PL","refunded",6509
829,2026-01-01 22:18:39.000Z,352423,"UK","paid",2967
830,2026-01-01 22:21:01.000Z,851668,"SE","paid",9290
831,2026-01-01 22:21:51.000Z,391901,"US","paid",4173
832,2026-01-01 22:24:21.000Z,424594,"US","paid",2997
833,2026-01-01 22:25:39.000Z,999075,"UK","paid",9925
834,2026-01-01 22:26:53.000Z,538432,"UK","paid",593
835,2026-01-01 22:28:43.000Z,796025,"US","paid",2674
836,2026-01-01 22:30:53.000Z,658718,"UK","paid",3345
837,2026-01-01 22:32:03.000Z,798911,"FR","paid",1344
838,2026-01-01 22:33:49.000Z,210380,"PL","paid",2589
839,2026-01-01 22:35:19.000Z,380053,"UK","paid",1864
840,2026-01-01 22:37:21.000Z,107498,"UK","paid",1541
841,2026-01-01 22:38:27.000Z,576187,"UK","paid",2852
842,2026-01-01 22:39:57.000Z,602520,"SE","cancelled",4444
843,2026-01-01 22:42:07.000Z,412113,"UK","paid",1355
844,2026-01-01 22:43:17.000Z,840246,"FR","paid",1024
845,2026-01-01 22:44:35.000Z,671927,"FR","paid",188
846,2026-01-01 22:46:21.000Z,387236,"DE","cancelled",7382
847,2026-01-01 22:47:59.000Z,139437,"PL","paid",3783
848,2026-01-01 22:49:41.000Z,435842,"UK","paid",9043
849,2026-01-01 22:51:51.000Z,610355,"UK","paid",7389
850,2026-01-01 22:53:05.000Z,855792,"US","refunded",9804
851,2026-01-01 22:54:27.000Z,381417,"PL","paid",5343
852,2026-01-01 22:56:41.000Z,381454,"PL","refunded",8674
853,2026-01-01 22:58:15.000Z,412111,"DE","paid",5889
854,2026-01-01 22:59:57.000Z,724956,"FR","paid",1338
855,2026-01-01 23:01:27.000Z,811589,"UK","paid",5496
856,2026-01-01 23:02:45.000Z,501850,"US","paid",1795
857,2026-01-01 23:04:35.000Z,712523,"UK","paid",2849
858,2026-01-01 23:05:37.000Z,438888,"DE","paid",5563
859,2026-01-01 23:07:55.000Z,694529,"UK","paid",8740
860,2026-01-01 23:09:37.000Z,473254,"UK","paid",5719
861,2026-01-01 23:10:39.000Z,641639,"DE","paid",7651
862,2026-01-01 23:12:01.000Z,947444,"UK","paid",4733
863,2026-01-01 23:13:39.000Z,706845,"SE","paid",1868
864,2026-01-01 23:16:05.000Z,279154,"SE","paid",6441
865,2026-01-01 23:17:15.000Z,209827,"UK","paid",3698
866,2026-01-01 23:19:21.000Z,234816,"UK","paid",9018
867,2026-01-01 23:20:35.000Z,331513,"SE","paid",1680
868,2026-01-01 23:22:01.000Z,945662,"FR","paid",8204
869,2026-01-01 23:23:31.000Z,902815,"US","paid",5251
870,2026-01-01 23:25:17.000Z,312364,"UK","paid",5398
871,2026-01-01 23:26:35.000Z,696885,"FR","paid",6431
872,2026-01-01 23:28:49.000Z,197482,"UK","paid",3699
873,2026-01-01 23:29:51.000Z,450107,"FR","cancelled",4627
874,2026-01-01 23:32:17.000Z,343896,"UK","paid",6640
875,2026-01-01 23:33:11.000Z,862193,"FR","refunded",857
876,2026-01-01 23:34:53.000Z,970198,"US","paid",7099
877,2026-01-01 23:36:35.000Z,964983,"US","paid",5901
878,2026-01-01 23:37:53.000Z,524804,"PL","paid",4814
879,2026-01-01 23:39:31.000Z,204525,"UK","paid",6030
880,2026-01-01 23:41:49.000Z,440066,"DE","paid",9309
881,2026-01-01 23:42:55.000Z,842035,"FR","paid",2817
882,2026-01-01 23:44:29.000Z,546832,"SE","paid",4403
883,2026-01-01 23:46:23.000Z,643689,"UK","paid",5441
884,2026-01-01 23:47:53.000Z,552302,"UK","paid",3794
885,2026-01-01 23:49:59.000Z,243151,"PL","paid",8799
886,2026-01-01 23:51:41.000Z,567996,"US","paid",1321
887,2026-01-01 23:53:03.000Z,241701,"DE","paid",7930
888,2026-01-01 23:54:29.000Z,863770,"SE","paid",5507
889,2026-01-01 23:56:07.000Z,437771,"DE","paid",1279
890,2026-01-01 23:57:37.000Z,490504,"PL","paid",7836
891,2026-01-01 23:59:31.000Z,315201,"DE","paid",7081
892,2026-01-02 00:01:21.000Z,679174,"UK","paid",5840
893,2026-01-02 00:02:55.000Z,915751,"PL","paid",1687
894,2026-01-02 00:04:17.000Z,611476,"FR","paid",5786
895,2026-01-02 00:05:47.000Z,728349,"UK","paid",1998
896,2026-01-02 00:07:53.000Z,160178,"UK","paid",8045
897,2026-01-02 00:09:27.000Z,451235,"DE","cancelled",282
898,2026-01-02 00:10:45.000Z,600256,"DE","paid",6054
899,2026-01-02 00:12:27.000Z,208281,"UK","paid",2441
900,2026-01-02 00:14:01.000Z,259518,"US","paid",8509
901,2026-01-02 00:15:11.000Z,990591,"SE","cancelled",364
902,2026-01-02 00:16:37.000Z,472780,"UK","paid",175
903,2026-01-02 00:18:31.000Z,777717,"US","paid",3373
904,2026-01-02 00:19:53.000Z,621162,"DE","paid",5607
905,2026-01-02 00:22:15.000Z,555387,"US","paid",5336
906,2026-01-02 00:23:25.000Z,309240,"FR","paid",1819
907,2026-01-02 00:24:55.000Z,954353,"US","paid",414
908,2026-01-02 00:26:29.000Z,300470,"SE","paid",7969
909,2026-01-02 00:28:19.000Z,551703,"SE","cancelled",3272
910,2026-01-02 00:30:01.000Z,103748,"UK","cancelled",1577
911,2026-01-02 00:31:19.000Z,275149,"UK","paid",5667
912,2026-01-02 00:33:29.000Z,361762,"PL","paid",5483
913,2026-01-02 00:35:11.000Z,511347,"US","paid",8412
914,2026-01-02 00:36:29.000Z,948848,"UK","paid",4332
915,2026-01-02 00:38:35.000Z,256777,"UK","paid",3409
916,2026-01-02 00:39:37.000Z,774542,"UK","paid",2741
917,2026-01-02 00:41:11.000Z,403439,"UK","refunded",172
918,2026-01-02 00:42:49.000Z,615900,"SE","paid",6863
919,2026-01-02 00:44:43.000Z,927077,"PL","paid",9723
920,2026-01-02 00:46:41.000Z,482138,"UK","paid",9381
921,2026-01-02 00:47:51.000Z,578411,"PL","paid",3036
922,2026-01-02 00:49:01.000Z,743624,"UK","paid",3308
923,2026-01-02 00:51:31.000Z,645697,"PL","paid",242
924,2026-01-02 00:52:25.000Z,411174,"DE","paid",1615
925,2026-01-02 00:53:51.000Z,813703,"UK","paid",2738
926,2026-01-02 00:55:57.000Z,110292,"US","paid",7719
927,2026-01-02 00:57:11.000Z,754429,"FR","cancelled",1259
928,2026-01-02 00:59:17.000Z,419538,"FR","paid",7240
929,2026-01-02 01:00:47.000Z,306851,"PL","paid",1089
930,2026-01-02 01:01:57.000Z,412544,"PL","paid",1053
931,2026-01-02 01:03:55.000Z,777305,"FR","paid",6913
932,2026-01-02 01:05:37.000Z,125470,"SE","paid",3765
933,2026-01-02 01:06:55.000Z,754431,"UK","paid",537
934,2026-01-02 01:08:57.000Z,217516,"DE","paid",9246
935,2026-01-02 01:10:27.000Z,134229,"SE","paid",1170
936,2026-01-02 01:12:13.000Z,139338,"PL","paid",167
937,2026-01-02 01:14:07.000Z,926075,"SE","paid",7169
938,2026-01-02 01:15:09.000Z,225720,"US","paid",4788
939,2026-01-02 01:17:19.000Z,185073,"SE","paid",6805
940,2026-01-02 01:18:37.000Z,287894,"UK","paid",5526
941,2026-01-02 01:20:27.000Z,422967,"UK","paid",382
942,2026-01-02 01:22:01.000Z,556644,"UK","paid",3027
943,2026-01-02 01:22:59.000Z,656685,"DE","paid",9452
944,2026-01-02 01:25:05.000Z,583394,"UK","paid",947
945,2026-01-02 01:26:39.000Z,715571,"SE","paid",4555
946,2026-01-02 01:28:41.000Z,718416,"FR","paid",6449
947,2026-01-02 01:29:35.000Z,509993,"DE","paid",6420
948,2026-01-02 01:31:13.000Z,500334,"DE","paid",5775
949,2026-01-02 01:33:03.000Z,178927,"UK","paid",8820
950,2026-01-02 01:34:33.000Z,618780,"UK","paid",6036
951,2026-01-02 01:36:03.000Z,963173,"UK","paid",2812
952,2026-01-02 01:37:41.000Z,722874,"FR","paid",5938
953,2026-01-02 01:40:03.000Z,291339,"UK","paid",3096
954,2026-01-02 01:41:09.000Z,678728,"UK","refunded",9759
955,2026-01-02 01:42:39.000Z,195361,"UK","paid",5785
956,2026-01-02 01:44:01.000Z,894886,"PL","paid",438
957,2026-01-02 01:46:31.000Z,961959,"UK","paid",8888
958,2026-01-02 01:47:09.000Z,975220,"SE","paid",6998
959,2026-01-02 01:49:31.000Z,448765,"US","paid",5332
960,2026-01-02 01:51:01.000Z,235698,"US","paid",3110
961,2026-01-02 01:52:51.000Z,771331,"UK","cancelled",4654
962,2026-01-02 01:53:45.000Z,572448,"UK","paid",9723
963,2026-01-02 01:55:31.000Z,980697,"US","paid",668
964,2026-01-02 01:57:13.000Z,288062,"UK","refunded",6537
965,2026-01-02 01:58:51.000Z,623103,"FR","paid",1277
966,2026-01-02 02:00:33.000Z,420908,"PL","paid",6228
967,2026-01-02 02:02:07.000Z,762005,"UK","paid",5325
968,2026-01-02 02:03:41.000Z,839402,"UK","paid",9630
969,2026-01-02 02:04:59.000Z,407323,"UK","paid",9436
970,2026-01-02 02:07:05.000Z,959832,"SE","paid",7425
971,2026-01-02 02:08:27.000Z,325617,"UK","paid",116
972,2026-01-02 02:10:29.000Z,608662,"FR","paid",4822
973,2026-01-02 02:12:03.000Z,589879,"FR","paid",6356
974,2026-01-02 02:13:13.000Z,395332,"DE","paid",8704
975,2026-01-02 02:15:31.000Z,538413,"PL","paid",1363
976,2026-01-02 02:17:05.000Z,230370,"UK","paid",9050
977,2026-01-02 02:18:39.000Z,630387,"UK","paid",7524
978,2026-01-02 02:20:05.000Z,300496,"US","cancelled",5712
979,2026-01-02 02:22:03.000Z,781897,"PL","paid",7735
980,2026-01-02 02:22:53.000Z,499310,"PL","paid",8888
981,2026-01-02 02:25:03.000Z,492143,"DE","paid",5611
982,2026-01-02 02:26:49.000Z,524252,"FR","paid",8735
983,2026-01-02 02:28:31.000Z,594757,"UK","paid",7503
984,2026-01-02 02:30:09.000Z,962138,"US","paid",6738
985,2026-01-02 02:30:55.000Z,160907,"UK","paid",3871
986,2026-01-02 02:32:53.000Z,748328,"DE","paid",3061
987,2026-01-02 02:34:35.000Z,564673,"UK","paid",5091
988,2026-01-02 02:36:05.000Z,989766,"UK","paid",5843
989,2026-01-02 02:38:07.000Z,839911,"DE","paid",289
990,2026-01-02 02:39:05.000Z,916852,"UK","paid",4177
991,2026-01-02 02:41:11.000Z,640701,"SE","paid",9079
992,2026-01-02 02:42:25.000Z,564658,"SE","paid",3055
993,2026-01-02 02:44:35.000Z,917731,"UK","paid",5815
994,2026-01-02 02:45:37.000Z,336416,"UK","refunded",5452
995,2026-01-02 02:47:07.000Z,402649,"SE","paid",1158
996,2026-01-02 02:48:57.000Z,825662,"FR","paid",5731
997,2026-01-02 02:50:55.000Z,296543,"US","paid",7799
998,2026-01-02 02:51:53.000Z,920204,"UK","paid",8010
999,2026-01-02 02:53:43.000Z,254997,"FR","paid",1452
1000,2026-01-02 02:55:29.000Z,118986,"UK","paid",5988
1001,2026-01-02 02:57:15.000Z,757275,"FR","paid",6103
1002,2026-01-02 02:58:45.000Z,101048,"UK","paid",7961
1003,2026-01-02 03:00:27.000Z,922033,"FR","paid",3034
1004,2026-01-02 03:02:09.000Z,456438,"US","paid",6641
1005,2026-01-02 03:03:43.000Z,167415,"US","paid",1248
1006,2026-01-02 03:05:21.000Z,547396,"PL","paid",8212
1007,2026-01-02 03:07:15.000Z,924333,"UK","paid",5302
1008,2026-01-02 03:08:01.000Z,771042,"DE","paid",3605
1009,2026-01-02 03:09:59.000Z,293523,"FR","paid",9688
1010,2026-01-02 03:11:29.000Z,379376,"SE","paid",3850
1011,2026-01-02 03:13:15.000Z,360425,"UK","paid",1968
1012,2026-01-02 03:15:05.000Z,409518,"UK","paid",2567
1013,2026-01-02 03:17:03.000Z,385839,"PL","paid",2057
1014,2026-01-02 03:18:09.000Z,393788,"US","refunded",7494
1015,2026-01-02 03:20:11.000Z,248613,"DE","paid",4001
1016,2026-01-02 03:21:33.000Z,951738,"SE","paid",4430
1017,2026-01-02 03:23:31.000Z,984459,"DE","paid",2425
1018,2026-01-02 03:24:53.000Z,744264,"PL","paid",5455
1019,2026-01-02 03:26:31.000Z,794305,"DE","paid",3992
1020,2026-01-02 03:27:49.000Z,223686,"UK","paid",5964
1021,2026-01-02 03:29:31.000Z,914471,"PL","paid",6813
1022,2026-01-02 03:31:05.000Z,794228,"FR","paid",594
1023,2026-01-02 03:32:51.000Z,959837,"UK","paid",4801
1024,2026-01-02 03:34:37.000Z,938066,"UK","paid",5463
1025,2026-01-02 03:35:39.000Z,848451,"DE","paid",4371
1026,2026-01-02 03:37:33.000Z,832928,"DE","paid",8820
1027,2026-01-02 03:38:51.000Z,400249,"UK","paid",1611
1028,2026-01-02 03:40:37.000Z,935998,"US","paid",3316
1029,2026-01-02 03:42:11.000Z,127615,"SE","paid",7389
1030,2026-01-02 03:44:17.000Z,933804,"UK","paid",3390
1031,2026-01-02 03:45:27.000Z,240117,"US","cancelled",3122
1032,2026-01-02 03:46:53.000Z,418666,"DE","paid",896
1033,2026-01-02 03:49:23.000Z,745179,"US","paid",8056
1034,2026-01-02 03:50:13.000Z,710872,"FR","refunded",2319
1035,2026-01-02 03:52:15.000Z,927857,"US","refunded",2474
1036,2026-01-02 03:54:05.000Z,676950,"SE","paid",5851
1037,2026-01-02 03:55:27.000Z,890775,"SE","refunded",5759
1038,2026-01-02 03:57:05.000Z,736036,"UK","paid",5551
1039,2026-01-02 03:58:39.000Z,635053,"UK","paid",3415
1040,2026-01-02 03:59:45.000Z,784002,"PL","paid",7162
1041,2026-01-02 04:01:55.000Z,604755,"US","paid",9203
1042,2026-01-02 04:03:13.000Z,811376,"UK","paid",284
1043,2026-01-02 04:05:07.000Z,557353,"UK","refunded",7777
1044,2026-01-02 04:06:33.000Z,537422,"UK","paid",1498
1045,2026-01-02 04:08:27.000Z,706639,"UK","paid",402
1046,2026-01-02 04:09:41.000Z,402716,"SE","paid",7180
1047,2026-01-02 04:11:23.000Z,951781,"PL","paid",9547
1048,2026-01-02 04:12:49.000Z,337370,"UK","paid",388
1049,2026-01-02 04:15:15.000Z,737739,"PL","refunded",2022
1050,2026-01-02 04:16:37.000Z,697704,"UK","refunded",6347
1051,2026-01-02 04:18:15.000Z,734305,"PL","paid",9676
1052,2026-01-02 04:19:49.000Z,676582,"DE","paid",2815
1053,2026-01-02 04:20:51.000Z,589127,"UK","paid",388
1054,2026-01-02 04:22:57.000Z,596596,"US","paid",439
1055,2026-01-02 04:24:03.000Z,485085,"FR","paid",3270
1056,2026-01-02 04:25:57.000Z,614162,"FR","paid",8374
1057,2026-01-02 04:28:03.000Z,544291,"PL","paid",6322
1058,2026-01-02 04:29:21.000Z,729792,"PL","paid",7575
1059,2026-01-02 04:31:19.000Z,356313,"FR","paid",6923
1060,2026-01-02 04:32:53.000Z,234270,"SE","paid",6893
1061,2026-01-02 04:34:07.000Z,389407,"UK","paid",8173
1062,2026-01-02 04:36:05.000Z,944908,"DE","paid",2169
1063,2026-01-02 04:37:39.000Z,160885,"SE","paid",1955
1064,2026-01-02 04:39:21.000Z,305610,"PL","paid",5664
1065,2026-01-02 04:40:43.000Z,253275,"SE","cancelled",1037
1066,2026-01-02 04:41:57.000Z,439192,"US","paid",4329
1067,2026-01-02 04:43:51.000Z,671409,"SE","paid",8158
1068,2026-01-02 04:45:45.000Z,817046,"UK","paid",2540
1069,2026-01-02 04:46:47.000Z,899031,"UK","paid",1622
1070,2026-01-02 04:48:29.000Z,400196,"UK","paid",4685
1071,2026-01-02 04:50:27.000Z,891437,"DE","paid",4988
1072,2026-01-02 04:52:21.000Z,374434,"UK","refunded",2327
1073,2026-01-02 04:53:11.000Z,625907,"SE","paid",114
1074,2026-01-02 04:55:33.000Z,875792,"FR","paid",788
1075,2026-01-02 04:56:23.000Z,291945,"DE","paid",8044
1076,2026-01-02 04:58:01.000Z,790606,"DE","paid",5784
1077,2026-01-02 05:00:03.000Z,421391,"UK","cancelled",3934
1078,2026-01-02 05:01:25.000Z,107516,"UK","paid",4373
1079,2026-01-02 05:03:27.000Z,564261,"UK","paid",9939
1080,2026-01-02 05:05:05.000Z,291322,"FR","paid",5541
1081,2026-01-02 05:06:51.000Z,874891,"UK","paid",2226
1082,2026-01-02 05:08:05.000Z,711848,"UK","paid",2738
1083,2026-01-02 05:09:59.000Z,291265,"UK","paid",4695
1084,2026-01-02 05:11:41.000Z,429510,"PL","paid",3634
1085,2026-01-02 05:12:55.000Z,254887,"UK","paid",2662
1086,2026-01-02 05:14:29.000Z,678004,"SE","paid",9098
1087,2026-01-02 05:16:19.000Z,528317,"US","paid",3618
1088,2026-01-02 05:17:57.000Z,377778,"US","paid",9480
1089,2026-01-02 05:19:07.000Z,764451,"UK","paid",4067
1090,2026-01-02 05:21:29.000Z,650496,"UK","cancelled",6544
1091,2026-01-02 05:22:55.000Z,861145,"US","paid",6018
1092,2026-01-02 05:24:41.000Z,804094,"UK","paid",8656
1093,2026-01-02 05:25:51.000Z,542527,"FR","paid",8601
1094,2026-01-02 05:27:49.000Z,399628,"PL","refunded",7919
1095,2026-01-02 05:29:23.000Z,626485,"UK","paid",8455
1096,2026-01-02 05:30:25.000Z,689930,"UK","paid",1963
1097,2026-01-02 05:32:31.000Z,591259,"UK","paid",7920
1098,2026-01-02 05:33:29.000Z,942520,"SE","paid",4062
1099,2026-01-02 05:35:55.000Z,704849,"UK","paid",4345
1100,2026-01-02 05:36:53.000Z,191990,"FR","paid",1192
1101,2026-01-02 05:38:31.000Z,867831,"FR","paid",1723
1102,2026-01-02 05:40:41.000Z,558084,"DE","paid",3762
1103,2026-01-02 05:41:43.000Z,229069,"PL","paid",9723
1104,2026-01-02 05:44:05.000Z,274114,"UK","refunded",1054
1105,2026-01-02 05:44:51.000Z,197203,"UK","paid",2463
1106,2026-01-02 05:47:17.000Z,823952,"US","paid",8832
1107,2026-01-02 05:48:07.000Z,925545,"PL","paid",7635
1108,2026-01-02 05:50:37.000Z,928718,"PL","paid",9613
1109,2026-01-02 05:52:03.000Z,217167,"DE","paid",7086
1110,2026-01-02 05:52:57.000Z,978524,"FR","paid",7989
1111,2026-01-02 05:55:19.000Z,728069,"UK","paid",374
1112,2026-01-02 05:56:41.000Z,812474,"US","paid",769
1113,2026-01-02 05:58:31.000Z,112107,"UK","paid",8389
1114,2026-01-02 06:00:05.000Z,229224,"DE","paid",8296
1115,2026-01-02 06:00:59.000Z,746561,"UK","paid",4306
1116,2026-01-02 06:03:17.000Z,931942,"UK","paid",252
1117,2026-01-02 06:04:47.000Z,139335,"DE","paid",7038
1118,2026-01-02 06:06:41.000Z,355412,"UK","paid",5933
1119,2026-01-02 06:07:47.000Z,783421,"SE","paid",4473
1120,2026-01-02 06:09:37.000Z,907634,"SE","paid",5301
1121,2026-01-02 06:11:39.000Z,430179,"UK","paid",5696
1122,2026-01-02 06:13:13.000Z,557856,"UK","paid",7425
1123,2026-01-02 06:14:43.000Z,928889,"SE","cancelled",1959
1124,2026-01-02 06:16:13.000Z,897502,"FR","paid",5198
1125,2026-01-02 06:17:47.000Z,784159,"US","paid",8576
1126,2026-01-02 06:18:53.000Z,825228,"UK","paid",6025
1127,2026-01-02 06:20:51.000Z,962709,"FR","paid",1273
1128,2026-01-02 06:22:05.000Z,575626,"UK","paid",9892
1129,2026-01-02 06:23:55.000Z,581819,"FR","paid",6635
1130,2026-01-02 06:25:53.000Z,349400,"UK","paid",9081
1131,2026-01-02 06:27:11.000Z,255121,"FR","paid",7998
1132,2026-01-02 06:28:29.000Z,585462,"US","paid",788
1133,2026-01-02 06:30:51.000Z,493047,"US","paid",195
1134,2026-01-02 06:32:05.000Z,960004,"PL","paid",1306
1135,2026-01-02 06:34:03.000Z,651085,"UK","paid",4038
1136,2026-01-02 06:35:09.000Z,774114,"DE","refunded",5877
1137,2026-01-02 06:37:27.000Z,920915,"FR","paid",2483
1138,2026-01-02 06:38:53.000Z,162864,"SE","cancelled",5362
1139,2026-01-02 06:39:55.000Z,359689,"UK","paid",6164
1140,2026-01-02 06:41:29.000Z,312526,"UK","paid",2493
1141,2026-01-02 06:43:19.000Z,868559,"PL","paid",4508
1142,2026-01-02 06:45:29.000Z,999932,"US","refunded",9579
1143,2026-01-02 06:46:19.000Z,169125,"DE","paid",2772
1144,2026-01-02 06:48:45.000Z,475354,"SE","paid",7440
1145,2026-01-02 06:50:03.000Z,811275,"DE","paid",1539
1146,2026-01-02 06:51:05.000Z,648040,"PL","paid",4269
1147,2026-01-02 06:53:27.000Z,172705,"DE","paid",7379
1148,2026-01-02 06:54:37.000Z,618118,"UK","paid",9108
1149,2026-01-02 06:56:55.000Z,390279,"PL","paid",7966
1150,2026-01-02 06:57:41.000Z,294228,"FR","paid",790
1151,2026-01-02 06:59:43.000Z,560893,"UK","paid",2311
1152,2026-01-02 07:00:53.000Z,641746,"UK","paid",2733
1153,2026-01-02 07:03:03.000Z,308419,"DE","refunded",4872
1154,2026-01-02 07:04:21.000Z,486720,"DE","paid",9605
1155,2026-01-02 07:06:07.000Z,215769,"UK","paid",9892
1156,2026-01-02 07:07:41.000Z,167646,"US","refunded",8232
1157,2026-01-02 07:09:51.000Z,415359,"SE","paid",8633
1158,2026-01-02 07:10:41.000Z,513772,"UK","paid",2869
1159,2026-01-02 07:12:07.000Z,844661,"US","paid",7235
1160,2026-01-02 07:14:17.000Z,325994,"DE","paid",529
1161,2026-01-02 07:16:07.000Z,558747,"US","paid",1932
1162,2026-01-02 07:17:01.000Z,627704,"FR","paid",4020
1163,2026-01-02 07:18:35.000Z,907601,"US","paid",8975
1164,2026-01-02 07:20:33.000Z,682262,"SE","paid",5526
1165,2026-01-02 07:21:55.000Z,625367,"SE","refunded",467
1166,2026-01-02 07:24:17.000Z,319172,"UK","paid",9413
1167,2026-01-02 07:25:31.000Z,658989,"UK","paid",3956
1168,2026-01-02 07:27:13.000Z,259394,"PL","paid",8254
1169,2026-01-02 07:29:07.000Z,845011,"US","paid",1682
1170,2026-01-02 07:30:37.000Z,438864,"UK","paid",7795
1171,2026-01-02 07:32:27.000Z,570697,"UK","paid",6253
1172,2026-01-02 07:33:09.000Z,854862,"UK","paid",7616
1173,2026-01-02 07:35:43.000Z,119439,"UK","paid",3033
1174,2026-01-02 07:36:57.000Z,153436,"SE","paid",2721
1175,2026-01-02 07:38:07.000Z,328069,"PL","paid",9674
1176,2026-01-02 07:40:09.000Z,615674,"UK","paid",5327
1177,2026-01-02 07:41:27.000Z,629035,"PL","paid",8916
1178,2026-01-02 07:42:57.000Z,654888,"UK","cancelled",9609
1179,2026-01-02 07:44:47.000Z,800641,"PL","paid",5479
1180,2026-01-02 07:46:49.000Z,307046,"DE","refunded",1952
1181,2026-01-02 07:48:19.000Z,259399,"UK","paid",525
1182,2026-01-02 07:50:05.000Z,290068,"US","refunded",6367
1183,2026-01-02 07:51:39.000Z,671485,"FR","paid",944
1184,2026-01-02 07:52:53.000Z,444722,"FR","paid",8324
1185,2026-01-02 07:54:55.000Z,960867,"PL","paid",1871
1186,2026-01-02 07:56:29.000Z,711264,"PL","paid",9340
1187,2026-01-02 07:58:19.000Z,485497,"FR","paid",9188
1188,2026-01-02 07:59:41.000Z,819742,"SE","paid",3752
1189,2026-01-02 08:01:23.000Z,457407,"UK","paid",454
1190,2026-01-02 08:02:41.000Z,236588,"DE","paid",8920
1191,2026-01-02 08:03:59.000Z,213109,"SE","paid",2748
1192,2026-01-02 08:06:09.000Z,930922,"PL","paid",4001
1193,2026-01-02 08:07:11.000Z,168827,"SE","cancelled",3117
1194,2026-01-02 08:09:09.000Z,133688,"US","paid",1314
1195,2026-01-02 08:10:43.000Z,871505,"SE","paid",1371
1196,2026-01-02 08:12:29.000Z,819254,"UK","paid",3791
1197,2026-01-02 08:14:27.000Z,633815,"UK","paid",9481
1198,2026-01-02 08:15:45.000Z,329956,"UK","paid",2191
1199,2026-01-02 08:17:27.000Z,254541,"DE","paid",3136
1200,2026-01-02 08:19:01.000Z,357858,"UK","paid",9611
1201,2026-01-02 08:20:11.000Z,512211,"SE","paid",8181
1202,2026-01-02 08:22:09.000Z,486672,"FR","paid",1952
1203,2026-01-02 08:23:19.000Z,326025,"DE","paid",4036
1204,2026-01-02 08:25:01.000Z,386030,"DE","paid",4305
1205,2026-01-02 08:27:03.000Z,468495,"UK","paid",8889
1206,2026-01-02 08:29:01.000Z,418236,"UK","paid",2814
1207,2026-01-02 08:29:55.000Z,713093,"UK","paid",330
1208,2026-01-02 08:31:41.000Z,328442,"FR","paid",4376
1209,2026-01-02 08:33:11.000Z,784075,"UK","paid",4148
1210,2026-01-02 08:34:53.000Z,410280,"UK","paid",8789
1211,2026-01-02 08:36:55.000Z,501505,"UK","paid",4722
1212,2026-01-02 08:38:17.000Z,586150,"PL","paid",4426
1213,2026-01-02 08:40:23.000Z,718599,"UK","paid",639
1214,2026-01-02 08:41:05.000Z,252404,"SE","refunded",8094
1215,2026-01-02 08:43:27.000Z,140669,"US","paid",4504
1216,2026-01-02 08:44:57.000Z,907762,"US","paid",8474
1217,2026-01-02 08:46:27.000Z,294915,"UK","refunded",2344
1218,2026-01-02 08:47:45.000Z,677696,"UK","paid",578
1219,2026-01-02 08:49:19.000Z,209273,"US","paid",2847
1220,2026-01-02 08:50:57.000Z,243774,"UK","paid",2364
1221,2026-01-02 08:53:15.000Z,135455,"FR","paid",6050
1222,2026-01-02 08:54:37.000Z,397100,"PL","paid",5322
1223,2026-01-02 08:56:23.000Z,425429,"UK","paid",1668
1224,2026-01-02 08:57:17.000Z,574186,"UK","paid",9664
1225,2026-01-02 08:59:15.000Z,569947,"UK","paid",6716
1226,2026-01-02 09:00:37.000Z,330232,"SE","paid",9442
1227,2026-01-02 09:02:59.000Z,463537,"UK","refunded",2909
1228,2026-01-02 09:03:49.000Z,118070,"FR","paid",8575
1229,2026-01-02 09:05:23.000Z,309527,"FR","paid",3055
1230,2026-01-02 09:07:49.000Z,267876,"DE","paid",4860
1231,2026-01-02 09:08:55.000Z,605165,"PL","paid",4224
1232,2026-01-02 09:10:37.000Z,707650,"UK","paid",710
1233,2026-01-02 09:12:35.000Z,510931,"UK","paid",5774
1234,2026-01-02 09:13:21.000Z,531280,"US","paid",8883
1235,2026-01-02 09:15:19.000Z,751561,"PL","paid",8142
1236,2026-01-02 09:17:01.000Z,272046,"PL","paid",5158
1237,2026-01-02 09:19:07.000Z,483695,"DE","paid",884
1238,2026-01-02 09:20:13.000Z,454684,"FR","paid",7070
1239,2026-01-02 09:22:23.000Z,930757,"UK","paid",3401
1240,2026-01-02 09:23:13.000Z,151610,"US","paid",4700
1241,2026-01-02 09:25:27.000Z,824427,"UK","refunded",5427
1242,2026-01-02 09:26:57.000Z,628520,"DE","paid",5831
1243,2026-01-02 09:28:51.000Z,321217,"UK","paid",4328
1244,2026-01-02 09:29:41.000Z,911270,"UK","cancelled",6972
1245,2026-01-02 09:32:03.000Z,943655,"DE","paid",5064
1246,2026-01-02 09:32:53.000Z,455508,"UK","paid",2505
1247,2026-01-02 09:34:31.000Z,561469,"SE","paid",3835
1248,2026-01-02 09:36:45.000Z,632306,"SE","paid",8623
1249,2026-01-02 09:38:19.000Z,680003,"UK","paid",7833
1250,2026-01-02 09:39:57.000Z,887904,"UK","cancelled",4247
1251,2026-01-02 09:41:19.000Z,216729,"SE","paid",6361
1252,2026-01-02 09:43:13.000Z,830846,"FR","paid",9990
1253,2026-01-02 09:44:27.000Z,227583,"US","paid",9700
1254,2026-01-02 09:45:41.000Z,528940,"UK","paid",5768
1255,2026-01-02 09:47:23.000Z,655605,"FR","paid",5799
1256,2026-01-02 09:49:13.000Z,598858,"UK","paid",7349
1257,2026-01-02 09:50:55.000Z,182043,"FR","refunded",5147
1258,2026-01-02 09:52:09.000Z,868600,"UK","paid",5290
1259,2026-01-02 09:54:07.000Z,642481,"FR","paid",3795
1260,2026-01-02 09:56:13.000Z,985110,"US","paid",7978
1261,2026-01-02 09:57:47.000Z,996567,"US","paid",8371
1262,2026-01-02 09:59:09.000Z,255012,"PL","paid",6300
1263,2026-01-02 10:00:59.000Z,611245,"UK","paid",8122
1264,2026-01-02 10:02:01.000Z,506210,"DE","paid",2493
1265,2026-01-02 10:04:27.000Z,324339,"FR","paid",4670
1266,2026-01-02 10:05:21.000Z,702416,"SE","paid",8558
1267,2026-01-02 10:06:47.000Z,413385,"UK","refunded",2152
1268,2026-01-02 10:09:13.000Z,663694,"UK","paid",7778
1269,2026-01-02 10:10:23.000Z,620527,"PL","paid",7546
1270,2026-01-02 10:12:25.000Z,669692,"US","paid",6060
1271,2026-01-02 10:13:35.000Z,371525,"DE","paid",4972
1272,2026-01-02 10:15:05.000Z,517018,"SE","paid",5239
1273,2026-01-02 10:16:39.000Z,992875,"DE","paid",7857
1274,2026-01-02 10:18:41.000Z,881480,"PL","paid",9468
1275,2026-01-02 10:19:55.000Z,147777,"DE","paid",5697
1276,2026-01-02 10:21:49.000Z,423014,"UK","paid",4837
1277,2026-01-02 10:23:31.000Z,846919,"PL","paid",2112
1278,2026-01-02 10:25:09.000Z,303860,"FR","paid",8778
1279,2026-01-02 10:26:43.000Z,925277,"UK","paid",9489
1280,2026-01-02 10:27:45.000Z,395442,"UK","paid",5199
1281,2026-01-02 10:29:31.000Z,763971,"DE","refunded",6277
1282,2026-01-02 10:30:57.000Z,450400,"DE","paid",7619
1283,2026-01-02 10:33:03.000Z,577689,"UK","paid",274
1284,2026-01-02 10:34:37.000Z,324126,"US","paid",6839
1285,2026-01-02 10:35:55.000Z,866687,"SE","refunded",4982
1286,2026-01-02 10:37:41.000Z,279596,"UK","paid",6584
1287,2026-01-02 10:39:31.000Z,175989,"US","paid",6952
1288,2026-01-02 10:40:41.000Z,274602,"DE","cancelled",6342
1289,2026-01-02 10:42:31.000Z,254395,"US","paid",5688
1290,2026-01-02 10:44:17.000Z,739384,"FR","paid",2209
1291,2026-01-02 10:45:31.000Z,790961,"US","paid",8372
1292,2026-01-02 10:47:21.000Z,927894,"SE","paid",5220
1293,2026-01-02 10:48:59.000Z,275575,"SE","paid",4570
1294,2026-01-02 10:50:33.000Z,861892,"UK","refunded",6079
1295,2026-01-02 10:52:51.000Z,589773,"UK","paid",3684
1296,2026-01-02 10:53:41.000Z,644866,"PL","paid",5026
1297,2026-01-02 10:55:47.000Z,548595,"US","refunded",9729
1298,2026-01-02 10:57:05.000Z,469136,"UK","paid",7511
1299,2026-01-02 10:59:15.000Z,236009,"UK","paid",1936
1300,2026-01-02 11:00:33.000Z,329230,"UK","paid",5501
1301,2026-01-02 11:01:43.000Z,354703,"UK","paid",8947
1302,2026-01-02 11:03:29.000Z,934972,"SE","paid",1458
1303,2026-01-02 11:05:03.000Z,324229,"PL","paid",933
1304,2026-01-02 11:06:33.000Z,515802,"UK","cancelled",5409
1305,2026-01-02 11:08:23.000Z,426955,"PL","paid",3254
1306,2026-01-02 11:09:45.000Z,562120,"UK","paid",7560
1307,2026-01-02 11:11:43.000Z,742081,"PL","paid",5806
1308,2026-01-02 11:13:29.000Z,563110,"DE","paid",8388
1309,2026-01-02 11:14:39.000Z,428263,"UK","paid",115
1310,2026-01-02 11:16:17.000Z,299444,"US","paid",8519
1311,2026-01-02 11:18:03.000Z,740093,"FR","paid",166
1312,2026-01-02 11:20:09.000Z,135442,"FR","paid",2534
1313,2026-01-02 11:21:23.000Z,873059,"PL","paid",1716
1314,2026-01-02 11:23:01.000Z,262080,"PL","paid",5970
1315,2026-01-02 11:24:35.000Z,204057,"FR","paid",6910
1316,2026-01-02 11:26:25.000Z,651550,"SE","paid",7628
1317,2026-01-02 11:28:27.000Z,871295,"UK","paid",7962
1318,2026-01-02 11:29:09.000Z,394060,"DE","paid",6123
1319,2026-01-02 11:31:43.000Z,742837,"SE","paid",3865
1320,2026-01-02 11:32:45.000Z,481322,"PL","paid",5266
1321,2026-01-02 11:34:27.000Z,847387,"SE","paid",2845
1322,2026-01-02 11:36:21.000Z,972504,"US","paid",518
1323,2026-01-02 11:37:31.000Z,682737,"SE","cancelled",4599
1324,2026-01-02 11:39:33.000Z,173302,"UK","paid",6681
1325,2026-01-02 11:40:59.000Z,314711,"UK","paid",713
1326,2026-01-02 11:43:01.000Z,721956,"UK","paid",7437
1327,2026-01-02 11:44:19.000Z,139757,"DE","paid",8956
1328,2026-01-02 11:45:53.000Z,590594,"UK","paid",9167
1329,2026-01-02 11:47:39.000Z,590963,"SE","paid",3136
1330,2026-01-02 11:49:09.000Z,356176,"FR","refunded",9559
1331,2026-01-02 11:51:03.000Z,551433,"DE","paid",7396
1332,2026-01-02 11:52:37.000Z,756270,"DE","paid",4723
1333,2026-01-02 11:54:23.000Z,882159,"UK","paid",6003
1334,2026-01-02 11:55:37.000Z,168796,"UK","paid",8095
1335,2026-01-02 11:57:35.000Z,877957,"UK","paid",4413
1336,2026-01-02 11:59:13.000Z,849338,"FR","paid",3867
1337,2026-01-02 12:00:15.000Z,360843,"UK","paid",7374
1338,2026-01-02 12:01:53.000Z,370024,"UK","paid",3811
1339,2026-01-02 12:03:11.000Z,807105,"UK","paid",3809
1340,2026-01-02 12:05:01.000Z,908998,"PL","paid",1867
1341,2026-01-02 12:06:27.000Z,340487,"UK","paid",9272
1342,2026-01-02 12:08:17.000Z,158100,"SE","paid",5566
1343,2026-01-02 12:10:23.000Z,763229,"US","paid",2738
1344,2026-01-02 12:11:57.000Z,166226,"US","paid",5848
1345,2026-01-02 12:12:59.000Z,562851,"UK","paid",3153
1346,2026-01-02 12:14:57.000Z,391872,"UK","paid",2168
1347,2026-01-02 12:16:47.000Z,115225,"US","paid",2921
1348,2026-01-02 12:18:01.000Z,725822,"UK","paid",2179
1349,2026-01-02 12:19:39.000Z,131103,"FR","paid",4818
1350,2026-01-02 12:21:21.000Z,914828,"PL","paid",4762
1351,2026-01-02 12:23:23.000Z,610773,"UK","paid",5081
1352,2026-01-02 12:24:17.000Z,674570,"UK","paid",3632
1353,2026-01-02 12:25:59.000Z,434395,"UK","paid",5572
1354,2026-01-02 12:28:05.000Z,786264,"SE","paid",8543
1355,2026-01-02 12:29:39.000Z,650001,"UK","paid",2830
1356,2026-01-02 12:30:53.000Z,182038,"FR","paid",4985
1357,2026-01-02 12:32:19.000Z,586007,"FR","paid",6490
1358,2026-01-02 12:34:33.000Z,633444,"DE","refunded",4914
1359,2026-01-02 12:36:19.000Z,276813,"PL","paid",236
1360,2026-01-02 12:37:37.000Z,771554,"UK","paid",3874
1361,2026-01-02 12:38:43.000Z,804403,"UK","paid",2149
1362,2026-01-02 12:40:57.000Z,227600,"US","paid",5487
1363,2026-01-02 12:42:27.000Z,282793,"PL","paid",2046
1364,2026-01-02 12:43:37.000Z,982606,"PL","paid",8396
1365,2026-01-02 12:45:19.000Z,786351,"DE","paid",9750
1366,2026-01-02 12:47:01.000Z,354236,"FR","paid",2403
1367,2026-01-02 12:48:51.000Z,671109,"UK","paid",7413
1368,2026-01-02 12:50:45.000Z,961946,"US","paid",9231
1369,2026-01-02 12:51:47.000Z,756171,"UK","paid",3809
1370,2026-01-02 12:54:05.000Z,909512,"DE","paid",441
1371,2026-01-02 12:55:11.000Z,336961,"UK","paid",2279
1372,2026-01-02 12:56:37.000Z,555590,"UK","refunded",4844
1373,2026-01-02 12:58:27.000Z,340263,"DE","paid",817
1374,2026-01-02 12:59:53.000Z,693172,"UK","paid",5785
1375,2026-01-02 13:01:43.000Z,468605,"SE","paid",2325
1376,2026-01-02 13:03:21.000Z,528306,"SE","paid",213
1377,2026-01-02 13:04:35.000Z,983683,"UK","paid",6406
1378,2026-01-02 13:06:21.000Z,248032,"UK","paid",5849
1379,2026-01-02 13:08:27.000Z,821721,"SE","paid",7975
1380,2026-01-02 13:10:13.000Z,211710,"FR","paid",4101
1381,2026-01-02 13:11:39.000Z,339679,"US","paid",2157
1382,2026-01-02 13:13:09.000Z,198252,"UK","paid",5311
1383,2026-01-02 13:14:19.000Z,518325,"FR","paid",6268
1384,2026-01-02 13:16:01.000Z,454730,"UK","paid",8446
1385,2026-01-02 13:18:19.000Z,716251,"FR","paid",563
1386,2026-01-02 13:19:17.000Z,705592,"UK","paid",950
1387,2026-01-02 13:20:59.000Z,265137,"FR","paid",8168
1388,2026-01-02 13:22:41.000Z,383222,"US","paid",7052
1389,2026-01-02 13:24:39.000Z,314423,"US","paid",3762
1390,2026-01-02 13:25:45.000Z,608452,"PL","paid",5386
1391,2026-01-02 13:27:39.000Z,565869,"UK","paid",1990
1392,2026-01-02 13:29:33.000Z,107906,"DE","paid",9108
1393,2026-01-02 13:30:59.000Z,520275,"FR","paid",529
1394,2026-01-02 13:32:25.000Z,919504,"SE","paid",3569
1395,2026-01-02 13:33:47.000Z,628009,"UK","paid",2108
1396,2026-01-02 13:35:41.000Z,232686,"UK","paid",2007
1397,2026-01-02 13:37:35.000Z,203663,"PL","paid",3393
1398,2026-01-02 13:39:21.000Z,804572,"US","paid",3262
1399,2026-01-02 13:40:15.000Z,407749,"DE","paid",1015
1400,2026-01-02 13:42:17.000Z,191834,"SE","paid",9150
1401,2026-01-02 13:44:15.000Z,803915,"DE","paid",915
1402,2026-01-02 13:45:25.000Z,491528,"PL","cancelled",5614
1403,2026-01-02 13:47:31.000Z,616897,"DE","paid",7204
1404,2026-01-02 13:48:45.000Z,166214,"UK","paid",1689
1405,2026-01-02 13:49:59.000Z,355431,"PL","paid",5189
1406,2026-01-02 13:51:41.000Z,299156,"FR","paid",6750
1407,2026-01-02 13:53:55.000Z,579453,"UK","refunded",2519
1408,2026-01-02 13:54:53.000Z,172434,"UK","paid",9541
1409,2026-01-02 13:57:03.000Z,631587,"DE","paid",2766
1410,2026-01-02 13:57:53.000Z,545440,"DE","paid",2892
1411,2026-01-02 14:00:11.000Z,441561,"UK","paid",5968
1412,2026-01-02 14:01:33.000Z,907806,"US","paid",3347
1413,2026-01-02 14:03:35.000Z,159871,"SE","paid",8866
1414,2026-01-02 14:04:25.000Z,565484,"UK","paid",1883
1415,2026-01-02 14:06:03.000Z,569685,"US","paid",2178
1416,2026-01-02 14:08:13.000Z,530538,"DE","paid",8623
1417,2026-01-02 14:09:23.000Z,823131,"US","paid",9172
1418,2026-01-02 14:10:53.000Z,176504,"FR","paid",837
1419,2026-01-02 14:12:47.000Z,558961,"US","paid",8508
1420,2026-01-02 14:14:49.000Z,141686,"SE","refunded",3574
1421,2026-01-02 14:16:19.000Z,612439,"SE","paid",4310
1422,2026-01-02 14:18:05.000Z,940228,"UK","paid",7441
1423,2026-01-02 14:18:59.000Z,921165,"UK","paid",7660
1424,2026-01-02 14:20:49.000Z,113698,"PL","paid",4058
1425,2026-01-02 14:22:55.000Z,831987,"US","refunded",7724
1426,2026-01-02 14:24:17.000Z,807312,"UK","paid",8951
1427,2026-01-02 14:26:19.000Z,476137,"UK","paid",7416
1428,2026-01-02 14:27:25.000Z,597486,"UK","refunded",7614
1429,2026-01-02 14:28:39.000Z,990703,"UK","paid",878
1430,2026-01-02 14:30:25.000Z,381532,"SE","refunded",639
1431,2026-01-02 14:32:27.000Z,492197,"PL","paid",3440
1432,2026-01-02 14:33:37.000Z,869210,"UK","paid",2472
1433,2026-01-02 14:35:15.000Z,473451,"PL","paid",3348
1434,2026-01-02 14:37:37.000Z,282696,"UK","paid",4975
1435,2026-01-02 14:38:47.000Z,539649,"PL","paid",8600
1436,2026-01-02 14:40:17.000Z,256262,"DE","paid",552
1437,2026-01-02 14:42:23.000Z,883111,"UK","paid",5608
1438,2026-01-02 14:43:45.000Z,100756,"US","cancelled",8887
1439,2026-01-02 14:45:27.000Z,201021,"FR","paid",6408
1440,2026-01-02 14:46:25.000Z,559602,"FR","paid",7484
1441,2026-01-02 14:48:27.000Z,497347,"PL","paid",9937
1442,2026-01-02 14:50:29.000Z,103712,"PL","paid",7395
1443,2026-01-02 14:51:47.000Z,351193,"FR","paid",3188
1444,2026-01-02 14:53:13.000Z,132062,"SE","refunded",2927
1445,2026-01-02 14:54:31.000Z,309343,"UK","paid",3531
1446,2026-01-02 14:56:13.000Z,600588,"DE","paid",2162
1447,2026-01-02 14:57:59.000Z,318357,"SE","cancelled",6034
1448,2026-01-02 14:59:37.000Z,604618,"PL","paid",1806
1449,2026-01-02 15:01:35.000Z,747259,"SE","paid",9045
1450,2026-01-02 15:03:09.000Z,118936,"US","paid",6719
1451,2026-01-02 15:04:15.000Z,253425,"SE","paid",5064
1452,2026-01-02 15:05:53.000Z,956086,"UK","paid",1187
1453,2026-01-02 15:07:55.000Z,629111,"UK","paid",1568
1454,2026-01-02 15:09:13.000Z,884932,"UK","cancelled",3439
1455,2026-01-02 15:11:15.000Z,957197,"DE","paid",8120
1456,2026-01-02 15:12:45.000Z,229570,"UK","paid",7162
1457,2026-01-02 15:14:35.000Z,178643,"SE","paid",8859
1458,2026-01-02 15:15:57.000Z,222128,"FR","paid",4255
1459,2026-01-02 15:17:07.000Z,823721,"DE","paid",1835
1460,2026-01-02 15:18:57.000Z,503694,"DE","paid",1344
1461,2026-01-02 15:20:47.000Z,675247,"UK","refunded",6062
1462,2026-01-02 15:21:57.000Z,342460,"UK","paid",8800
1463,2026-01-02 15:23:51.000Z,694437,"UK","paid",2292
1464,2026-01-02 15:25:25.000Z,969114,"FR","paid",5437
1465,2026-01-02 15:27:43.000Z,512555,"UK","paid",2164
1466,2026-01-02 15:28:49.000Z,538024,"UK","paid",2070
1467,2026-01-02 15:30:31.000Z,289089,"UK","paid",9800
1468,2026-01-02 15:32:05.000Z,942246,"PL","paid",4907
1469,2026-01-02 15:33:23.000Z,540647,"UK","paid",6138
1470,2026-01-02 15:34:53.000Z,520180,"SE","paid",4743
1471,2026-01-02 15:37:11.000Z,922461,"US","cancelled",4204
1472,2026-01-02 15:38:29.000Z,742802,"US","paid",8594
1473,2026-01-02 15:40:35.000Z,801091,"UK","paid",1086
1474,2026-01-02 15:41:37.000Z,514496,"UK","paid",1445
1475,2026-01-02 15:43:51.000Z,434553,"US","paid",9751
1476,2026-01-02 15:45:25.000Z,203550,"UK","paid",1174
1477,2026-01-02 15:46:39.000Z,358687,"FR","paid",6202
1478,2026-01-02 15:48:45.000Z,236076,"PL","paid",4721
1479,2026-01-02 15:49:31.000Z,650805,"UK","paid",9522
1480,2026-01-02 15:51:09.000Z,106186,"UK","paid",5093
1481,2026-01-02 15:53:39.000Z,359259,"UK","refunded",3824
1482,2026-01-02 15:54:37.000Z,457560,"SE","paid",5727
1483,2026-01-02 15:56:23.000Z,177969,"UK","paid",2875
1484,2026-01-02 15:58:01.000Z,660790,"FR","cancelled",199
1485,2026-01-02 15:59:35.000Z,417367,"FR","paid",9405
1486,2026-01-02 16:01:05.000Z,230820,"DE","paid",5916
1487,2026-01-02 16:02:59.000Z,470477,"PL","paid",3644
1488,2026-01-02 16:04:53.000Z,522754,"UK","paid",6814
1489,2026-01-02 16:06:23.000Z,477747,"UK","paid",5156
1490,2026-01-02 16:07:29.000Z,550736,"US","paid",8986
1491,2026-01-02 16:09:11.000Z,358441,"PL","paid",2346
1492,2026-01-02 16:10:41.000Z,846414,"PL","paid",3321
1493,2026-01-02 16:12:23.000Z,137999,"DE","paid",4869
1494,2026-01-02 16:14:05.000Z,760444,"FR","refunded",2372
1495,2026-01-02 16:15:43.000Z,233765,"UK","paid",3648
1496,2026-01-02 16:17:01.000Z,558586,"US","paid",5886
1497,2026-01-02 16:19:19.000Z,898347,"UK","paid",3283
1498,2026-01-02 16:20:57.000Z,851848,"DE","paid",7216
1499,2026-01-02 16:22:27.000Z,607521,"UK","paid",6826
1500,2026-01-02 16:24:17.000Z,309094,"UK","paid",2821
1501,2026-01-02 16:25:39.000Z,900199,"DE","paid",339
1502,2026-01-02 16:26:45.000Z,460788,"UK","paid",8277
1503,2026-01-02 16:28:43.000Z,998589,"SE","paid",5003
1504,2026-01-02 16:30:29.000Z,819858,"SE","paid",5215
1505,2026-01-02 16:32:27.000Z,657699,"UK","paid",5495
1506,2026-01-02 16:33:05.000Z,343360,"UK","paid",1950
1507,2026-01-02 16:34:55.000Z,966713,"SE","paid",9489
1508,2026-01-02 16:36:29.000Z,426110,"FR","paid",1229
1509,2026-01-02 16:38:35.000Z,698719,"US","paid",8277
1510,2026-01-02 16:39:33.000Z,251020,"UK","paid",1490
1511,2026-01-02 16:42:03.000Z,186453,"FR","paid",2585
1512,2026-01-02 16:43:05.000Z,974698,"UK","paid",5119
1513,2026-01-02 16:44:55.000Z,475451,"FR","paid",2531
1514,2026-01-02 16:46:37.000Z,456376,"UK","paid",1663
1515,2026-01-02 16:48:23.000Z,820465,"FR","paid",9572
1516,2026-01-02 16:49:21.000Z,291286,"US","paid",6139
1517,2026-01-02 16:51:07.000Z,117655,"US","paid",2310
1518,2026-01-02 16:52:57.000Z,512708,"PL","paid",968
1519,2026-01-02 16:54:51.000Z,674125,"UK","paid",2251
1520,2026-01-02 16:56:33.000Z,536130,"DE","paid",2192
1521,2026-01-02 16:57:55.000Z,741555,"FR","paid",4452
1522,2026-01-02 16:59:45.000Z,719248,"SE","paid",9817
1523,2026-01-02 17:00:43.000Z,126409,"UK","paid",8719
1524,2026-01-02 17:03:09.000Z,405518,"UK","refunded",8777
1525,2026-01-02 17:04:23.000Z,263535,"PL","paid",3655
1526,2026-01-02 17:06:17.000Z,755132,"US","paid",8743
1527,2026-01-02 17:07:35.000Z,729733,"DE","paid",1118
1528,2026-01-02 17:09:05.000Z,414906,"SE","cancelled",797
1529,2026-01-02 17:10:55.000Z,502699,"DE","paid",9337
1530,2026-01-02 17:11:53.000Z,241480,"PL","paid",7385
1531,2026-01-02 17:13:59.000Z,661089,"DE","paid",9843
1532,2026-01-02 17:16:01.000Z,542854,"UK","paid",7381
1533,2026-01-02 17:17:43.000Z,419559,"PL","paid",4263
1534,2026-01-02 17:18:21.000Z,572500,"FR","paid",7011
1535,2026-01-02 17:20:31.000Z,833533,"UK","paid",6674
1536,2026-01-02 17:22:21.000Z,196946,"UK","paid",1303
1537,2026-01-02 17:23:39.000Z,127747,"DE","paid",8319
1538,2026-01-02 17:25:41.000Z,593312,"DE","paid",5358
1539,2026-01-02 17:26:27.000Z,813881,"UK","paid",9450
1540,2026-01-02 17:29:01.000Z,771998,"US","paid",726
1541,2026-01-02 17:30:35.000Z,907775,"SE","paid",1371
1542,2026-01-02 17:32:09.000Z,889292,"UK","paid",5402
1543,2026-01-02 17:33:51.000Z,594037,"US","paid",3539
1544,2026-01-02 17:35:29.000Z,125258,"DE","paid",9208
1545,2026-01-02 17:36:47.000Z,723259,"US","paid",1408
1546,2026-01-02 17:38:17.000Z,518712,"FR","paid",5094
1547,2026-01-02 17:39:59.000Z,108977,"US","paid",7741
1548,2026-01-02 17:41:17.000Z,651478,"SE","paid",9129
1549,2026-01-02 17:43:11.000Z,356055,"SE","paid",6961
1550,2026-01-02 17:44:57.000Z,846564,"UK","paid",6003
1551,2026-01-02 17:46:15.000Z,346925,"UK","paid",1144
1552,2026-01-02 17:47:49.000Z,773762,"PL","refunded",382
1553,2026-01-02 17:49:31.000Z,111667,"US","paid",9647
1554,2026-01-02 17:50:53.000Z,458512,"UK","paid",1834
1555,2026-01-02 17:52:27.000Z,413929,"UK","paid",5580
1556,2026-01-02 17:54:45.000Z,178350,"UK","paid",8676
1557,2026-01-02 17:56:15.000Z,140303,"UK","paid",9408
1558,2026-01-02 17:57:45.000Z,543676,"SE","cancelled",7824
1559,2026-01-02 17:59:35.000Z,383909,"PL","paid",7611
1560,2026-01-02 18:00:29.000Z,141946,"UK","paid",6603
1561,2026-01-02 18:02:43.000Z,775883,"PL","paid",9358
1562,2026-01-02 18:04:01.000Z,496264,"UK","paid",7041
1563,2026-01-02 18:05:43.000Z,174369,"PL","paid",1907
1564,2026-01-02 18:07:41.000Z,897990,"DE","paid",6373
1565,2026-01-02 18:08:55.000Z,427687,"UK","paid",4070
1566,2026-01-02 18:10:41.000Z,970036,"US","paid",9463
1567,2026-01-02 18:12:11.000Z,448029,"FR","paid",4931
1568,2026-01-02 18:13:37.000Z,957778,"FR","paid",9130
1569,2026-01-02 18:15:07.000Z,950211,"PL","paid",914
1570,2026-01-02 18:17:25.000Z,957632,"PL","paid",3749
1571,2026-01-02 18:18:43.000Z,949753,"FR","cancelled",709
1572,2026-01-02 18:20:45.000Z,898238,"SE","paid",2110
1573,2026-01-02 18:22:19.000Z,484415,"UK","paid",7843
1574,2026-01-02 18:23:25.000Z,541324,"DE","cancelled",2949
1575,2026-01-02 18:25:11.000Z,375253,"SE","paid",9160
1576,2026-01-02 18:26:45.000Z,583210,"PL","paid",4123
1577,2026-01-02 18:28:31.000Z,943099,"SE","paid",1253
1578,2026-01-02 18:30:09.000Z,136280,"US","paid",4891
1579,2026-01-02 18:31:15.000Z,213649,"SE","paid",1945
1580,2026-01-02 18:33:13.000Z,346390,"UK","paid",4514
1581,2026-01-02 18:34:31.000Z,297111,"UK","paid",9424
1582,2026-01-02 18:36:41.000Z,378564,"UK","paid",1677
1583,2026-01-02 18:37:35.000Z,500621,"DE","paid",5689
1584,2026-01-02 18:39:33.000Z,315362,"UK","paid",9354
1585,2026-01-02 18:40:59.000Z,391731,"SE","paid",9630
1586,2026-01-02 18:43:21.000Z,973296,"FR","paid",5046
1587,2026-01-02 18:44:19.000Z,265737,"DE","paid",9843
1588,2026-01-02 18:45:41.000Z,365262,"DE","cancelled",6629
1589,2026-01-02 18:47:35.000Z,409679,"UK","refunded",1284
1590,2026-01-02 18:49:25.000Z,540732,"UK","paid",1353
1591,2026-01-02 18:50:51.000Z,530821,"UK","paid",4596
1592,2026-01-02 18:52:25.000Z,953818,"FR","paid",9276
1593,2026-01-02 18:53:47.000Z,681163,"UK","paid",6830
1594,2026-01-02 18:56:09.000Z,693928,"UK","paid",8752
1595,2026-01-02 18:57:39.000Z,728481,"UK","paid",838
1596,2026-01-02 18:59:13.000Z,564678,"PL","paid",1051
1597,2026-01-02 19:00:51.000Z,290119,"UK","paid",7175
1598,2026-01-02 19:02:13.000Z,898324,"SE","paid",7203
1599,2026-01-02 19:04:03.000Z,128477,"US","paid",4475
1600,2026-01-02 19:05:45.000Z,245362,"US","paid",1844
1601,2026-01-02 19:07:15.000Z,326115,"UK","paid",223
1602,2026-01-02 19:08:41.000Z,217984,"UK","refunded",7107
1603,2026-01-02 19:10:19.000Z,290105,"US","cancelled",6224
1604,2026-01-02 19:11:33.000Z,146622,"UK","paid",2734
1605,2026-01-02 19:13:35.000Z,480127,"FR","paid",2423
1606,2026-01-02 19:15:13.000Z,662348,"PL","paid",1624
1607,2026-01-02 19:17:03.000Z,997461,"UK","paid",5407
1608,2026-01-02 19:18:53.000Z,851434,"UK","paid",4746
1609,2026-01-02 19:20:27.000Z,686491,"UK","refunded",9884
1610,2026-01-02 19:21:41.000Z,923768,"SE","paid",6184
1611,2026-01-02 19:23:03.000Z,912113,"UK","paid",576
1612,2026-01-02 19:24:57.000Z,533110,"FR","refunded",1522
1613,2026-01-02 19:26:51.000Z,574647,"FR","paid",7941
1614,2026-01-02 19:28:37.000Z,336036,"DE","paid",9858
1615,2026-01-02 19:29:23.000Z,863565,"PL","paid",9196
1616,2026-01-02 19:31:05.000Z,834530,"UK","paid",6210
1617,2026-01-02 19:33:19.000Z,480147,"UK","paid",9799
1618,2026-01-02 19:34:45.000Z,589456,"US","paid",8690
1619,2026-01-02 19:36:19.000Z,101353,"PL","paid",1830
1620,2026-01-02 19:37:37.000Z,433134,"PL","paid",3218
1621,2026-01-02 19:39:47.000Z,984207,"DE","paid",7747
1622,2026-01-02 19:40:49.000Z,374812,"FR","paid",3401
1623,2026-01-02 19:42:31.000Z,237957,"UK","paid",1499
1624,2026-01-02 19:43:53.000Z,840282,"US","paid",5577
1625,2026-01-02 19:46:07.000Z,609259,"UK","paid",2773
1626,2026-01-02 19:47:17.000Z,402472,"DE","paid",818
1627,2026-01-02 19:49:31.000Z,297569,"UK","paid",5600
1628,2026-01-02 19:51:09.000Z,783270,"UK","paid",9029
1629,2026-01-02 19:52:47.000Z,359911,"DE","paid",1416
1630,2026-01-02 19:54:25.000Z,867092,"UK","paid",2897
1631,2026-01-02 19:55:35.000Z,677885,"SE","paid",7854
1632,2026-01-02 19:56:49.000Z,580242,"SE","paid",509
1633,2026-01-02 19:58:47.000Z,734883,"UK","paid",9592
1634,2026-01-02 20:00:33.000Z,911712,"UK","paid",2896
1635,2026-01-02 20:02:31.000Z,674553,"SE","paid",3690
1636,2026-01-02 20:03:41.000Z,411006,"FR","refunded",3932
1637,2026-01-02 20:04:59.000Z,317567,"US","paid",9146
1638,2026-01-02 20:06:53.000Z,937804,"UK","paid",1865
1639,2026-01-02 20:08:43.000Z,928277,"FR","paid",5378
1640,2026-01-02 20:10:17.000Z,457514,"UK","paid",8280
1641,2026-01-02 20:11:47.000Z,617947,"FR","paid",9975
1642,2026-01-02 20:13:09.000Z,235192,"UK","paid",1068
1643,2026-01-02 20:15:03.000Z,489489,"FR","paid",5953
1644,2026-01-02 20:16:33.000Z,337142,"US","cancelled",3877
1645,2026-01-02 20:18:35.000Z,110007,"US","paid",977
1646,2026-01-02 20:19:49.000Z,260164,"PL","paid",5351
1647,2026-01-02 20:21:03.000Z,613421,"UK","paid",3651
1648,2026-01-02 20:22:49.000Z,947810,"DE","paid",7712
1649,2026-01-02 20:25:15.000Z,304659,"FR","paid",719
1650,2026-01-02 20:26:45.000Z,739472,"SE","refunded",7944
1651,2026-01-02 20:27:59.000Z,480489,"UK","paid",6111
1652,2026-01-02 20:30:01.000Z,851854,"UK","paid",1770
1653,2026-01-02 20:31:31.000Z,713007,"PL","paid",9218
1654,2026-01-02 20:32:21.000Z,855580,"US","paid",9852
1655,2026-01-02 20:34:51.000Z,889413,"DE","paid",5597
1656,2026-01-02 20:36:29.000Z,468634,"SE","paid",580
1657,2026-01-02 20:37:27.000Z,180235,"DE","paid",3171
1658,2026-01-02 20:39:41.000Z,894632,"PL","paid",9656
1659,2026-01-02 20:41:11.000Z,345025,"DE","paid",1246
1660,2026-01-02 20:42:41.000Z,113478,"UK","paid",1578
1661,2026-01-02 20:43:59.000Z,659399,"PL","paid",6608
1662,2026-01-02 20:46:05.000Z,432628,"FR","paid",2475
1663,2026-01-02 20:46:59.000Z,464925,"UK","paid",6800
1664,2026-01-02 20:48:41.000Z,358610,"UK","paid",7277
1665,2026-01-02 20:50:19.000Z,368931,"DE","paid",7216
1666,2026-01-02 20:52:01.000Z,499136,"DE","paid",4736
1667,2026-01-02 20:53:23.000Z,650201,"UK","paid",4331
1668,2026-01-02 20:55:17.000Z,402718,"US","paid",2773
1669,2026-01-02 20:57:23.000Z,155967,"SE","paid",4003
1670,2026-01-02 20:58:45.000Z,517932,"UK","paid",5313
1671,2026-01-02 21:00:11.000Z,700981,"US","paid",1452
1672,2026-01-02 21:02:21.000Z,957514,"DE","paid",9108
1673,2026-01-02 21:03:39.000Z,129435,"US","paid",1532
1674,2026-01-02 21:04:57.000Z,645656,"FR","paid",366
1675,2026-01-02 21:06:59.000Z,405681,"US","refunded",3602
1676,2026-01-02 21:07:57.000Z,201462,"SE","paid",1135
1677,2026-01-02 21:10:23.000Z,361111,"SE","paid",8253
1678,2026-01-02 21:11:13.000Z,873284,"UK","paid",4170
1679,2026-01-02 21:13:35.000Z,909869,"UK","paid",332
1680,2026-01-02 21:15:13.000Z,714690,"PL","paid",990
1681,2026-01-02 21:16:35.000Z,404115,"US","paid",9678
1682,2026-01-02 21:18:25.000Z,144208,"UK","paid",5994
1683,2026-01-02 21:20:11.000Z,804937,"UK","cancelled",9839
1684,2026-01-02 21:21:13.000Z,708782,"UK","paid",1345
1685,2026-01-02 21:22:51.000Z,165423,"UK","paid",6959
1686,2026-01-02 21:24:53.000Z,122908,"SE","paid",9538
1687,2026-01-02 21:26:35.000Z,367653,"PL","paid",4275
1688,2026-01-02 21:27:53.000Z,149114,"UK","paid",9326
1689,2026-01-02 21:28:59.000Z,776203,"PL","paid",9896
1690,2026-01-02 21:30:33.000Z,166120,"UK","paid",8636
1691,2026-01-02 21:33:07.000Z,443617,"PL","refunded",3882
1692,2026-01-02 21:34:01.000Z,316134,"DE","paid",4689
1693,2026-01-02 21:35:47.000Z,649383,"UK","paid",1951
1694,2026-01-02 21:37:01.000Z,416020,"US","paid",3163
1695,2026-01-02 21:39:27.000Z,991229,"FR","paid",1205
1696,2026-01-02 21:40:25.000Z,403250,"FR","paid",4151
1697,2026-01-02 21:42:15.000Z,564483,"PL","paid",8838
1698,2026-01-02 21:43:37.000Z,112608,"PL","paid",4139
1699,2026-01-02 21:45:11.000Z,222585,"FR","paid",2163
1700,2026-01-02 21:47:09.000Z,652446,"SE","paid",9386
1701,2026-01-02 21:49:03.000Z,974783,"UK","refunded",3632
1702,2026-01-02 21:50:29.000Z,299532,"DE","paid",6969
1703,2026-01-02 21:52:19.000Z,298165,"SE","paid",4481
1704,2026-01-02 21:54:09.000Z,599498,"PL","paid",2916
1705,2026-01-02 21:55:03.000Z,625915,"SE","refunded",8917
1706,2026-01-02 21:56:57.000Z,887832,"US","cancelled",9712
1707,2026-01-02 21:58:31.000Z,711729,"SE","paid",2262
1708,2026-01-02 22:00:37.000Z,504758,"UK","paid",6224
1709,2026-01-02 22:01:27.000Z,989751,"UK","paid",619
1710,2026-01-02 22:03:13.000Z,227940,"UK","paid",5380
1711,2026-01-02 22:05:23.000Z,896493,"DE","paid",7545
1712,2026-01-02 22:07:05.000Z,904898,"UK","paid",2110
1713,2026-01-02 22:08:43.000Z,463059,"SE","paid",9940
1714,2026-01-02 22:09:45.000Z,547504,"FR","paid",2478
1715,2026-01-02 22:11:27.000Z,700329,"DE","refunded",4407
1716,2026-01-02 22:12:49.000Z,659694,"DE","paid",5399
1717,2026-01-02 22:14:15.000Z,731023,"UK","paid",3279
1718,2026-01-02 22:16:01.000Z,114172,"UK","refunded",3214
1719,2026-01-02 22:17:43.000Z,755397,"UK","paid",2151
1720,2026-01-02 22:19:49.000Z,734906,"FR","paid",7319
1721,2026-01-02 22:21:15.000Z,957675,"UK","paid",1320
1722,2026-01-02 22:22:45.000Z,868328,"UK","paid",8011
1723,2026-01-02 22:24:27.000Z,389953,"UK","paid",4157
1724,2026-01-02 22:26:21.000Z,953190,"PL","paid",9976
1725,2026-01-02 22:27:15.000Z,192647,"UK","paid",9349
1726,2026-01-02 22:29:21.000Z,684916,"SE","paid",5451
1727,2026-01-02 22:31:19.000Z,675037,"US","paid",8609
1728,2026-01-02 22:32:33.000Z,530834,"US","paid",1665
1729,2026-01-02 22:33:51.000Z,170755,"UK","paid",5056
1730,2026-01-02 22:35:25.000Z,956512,"UK","paid",208
1731,2026-01-02 22:36:59.000Z,604729,"US","paid",4930
1732,2026-01-02 22:38:41.000Z,141054,"UK","paid",753
1733,2026-01-02 22:40:55.000Z,240991,"FR","paid",5087
1734,2026-01-02 22:42:37.000Z,560556,"PL","paid",3443
1735,2026-01-02 22:44:15.000Z,302677,"UK","paid",2953
1736,2026-01-02 22:45:05.000Z,141770,"UK","cancelled",4427
1737,2026-01-02 22:47:11.000Z,607099,"UK","paid",3700
1738,2026-01-02 22:49:01.000Z,331832,"SE","paid",4377
1739,2026-01-02 22:50:15.000Z,949809,"UK","paid",4188
1740,2026-01-02 22:51:53.000Z,243190,"FR","paid",8004
1741,2026-01-02 22:53:31.000Z,761591,"FR","paid",8960
1742,2026-01-02 22:55:05.000Z,257828,"DE","paid",9657
1743,2026-01-02 22:56:43.000Z,966189,"PL","cancelled",2564
1744,2026-01-02 22:58:17.000Z,131106,"UK","paid",7406
1745,2026-01-02 22:59:47.000Z,295379,"UK","paid",9434
1746,2026-01-02 23:01:17.000Z,165232,"US","cancelled",4629
1747,2026-01-02 23:03:23.000Z,267081,"PL","paid",4009
1748,2026-01-02 23:04:41.000Z,228782,"PL","paid",1984
1749,2026-01-02 23:06:51.000Z,286895,"DE","paid",706
1750,2026-01-02 23:08:13.000Z,347900,"FR","paid",3150
1751,2026-01-02 23:09:23.000Z,151973,"UK","paid",1694
1752,2026-01-02 23:11:13.000Z,105786,"US","paid",9315
1753,2026-01-02 23:13:07.000Z,963563,"UK","paid",1615
1754,2026-01-02 23:14:33.000Z,241032,"DE","paid",6237
1755,2026-01-02 23:15:59.000Z,204481,"UK","paid",6859
1756,2026-01-02 23:17:33.000Z,705958,"UK","refunded",2309
1757,2026-01-02 23:19:31.000Z,390439,"DE","paid",190
1758,2026-01-02 23:21:13.000Z,571764,"UK","paid",1125
1759,2026-01-02 23:22:31.000Z,816605,"SE","paid",6448
1760,2026-01-02 23:24:25.000Z,933682,"SE","paid",1338
1761,2026-01-02 23:25:43.000Z,615363,"UK","paid",2565
1762,2026-01-02 23:27:33.000Z,141856,"UK","paid",7893
1763,2026-01-02 23:28:47.000Z,700793,"SE","paid",3992
1764,2026-01-02 23:30:49.000Z,485118,"FR","paid",6931
1765,2026-01-02 23:32:03.000Z,574495,"US","paid",7294
1766,2026-01-02 23:34:17.000Z,792812,"UK","paid",3684
1767,2026-01-02 23:35:35.000Z,495733,"FR","paid",5063
1768,2026-01-02 23:37:37.000Z,885578,"UK","paid",8629
1769,2026-01-02 23:38:51.000Z,418395,"FR","paid",2431
1770,2026-01-02 23:40:05.000Z,554392,"UK","paid",5176
1771,2026-01-02 23:41:43.000Z,153233,"FR","paid",5154
1772,2026-01-02 23:43:29.000Z,964982,"US","refunded",9219
1773,2026-01-02 23:45:27.000Z,895223,"US","paid",6629
1774,2026-01-02 23:46:33.000Z,226852,"PL","paid",725
1775,2026-01-02 23:48:19.000Z,710221,"UK","paid",2175
1776,2026-01-02 23:50:09.000Z,499874,"DE","paid",2136
1777,2026-01-02 23:51:51.000Z,242419,"FR","cancelled",3722
1778,2026-01-02 23:53:13.000Z,968944,"SE","paid",7060
1779,2026-01-02 23:54:39.000Z,980393,"UK","paid",6047
1780,2026-01-02 23:56:41.000Z,341358,"UK","paid",4172
1781,2026-01-02 23:58:11.000Z,230351,"PL","cancelled",2812
1782,2026-01-02 23:59:33.000Z,456476,"US","paid",4249
1783,2026-01-03 00:01:03.000Z,271429,"DE","paid",5693
1784,2026-01-03 00:03:21.000Z,451770,"SE","paid",9511
1785,2026-01-03 00:05:03.000Z,178475,"DE","paid",729
1786,2026-01-03 00:06:25.000Z,514280,"PL","paid",7302
1787,2026-01-03 00:07:51.000Z,549729,"DE","paid",9056
1788,2026-01-03 00:09:13.000Z,389574,"UK","paid",2306
1789,2026-01-03 00:11:35.000Z,129639,"PL","paid",7954
1790,2026-01-03 00:12:13.000Z,339220,"FR","paid",4623
1791,2026-01-03 00:14:15.000Z,616445,"UK","paid",9194
1792,2026-01-03 00:15:57.000Z,881650,"UK","paid",3106
1793,2026-01-03 00:17:47.000Z,504323,"DE","paid",4361
1794,2026-01-03 00:19:25.000Z,984384,"DE","paid",1057
1795,2026-01-03 00:20:47.000Z,873369,"UK","paid",3201
1796,2026-01-03 00:22:45.000Z,369630,"US","paid",2973
1797,2026-01-03 00:24:11.000Z,182719,"SE","paid",9396
1798,2026-01-03 00:25:29.000Z,769260,"UK","paid",8352
1799,2026-01-03 00:27:11.000Z,358805,"US","paid",6545
1800,2026-01-03 00:28:49.000Z,509706,"DE","paid",8925
1801,2026-01-03 00:30:55.000Z,116315,"US","paid",8880
1802,2026-01-03 00:31:45.000Z,587928,"FR","cancelled",507
1803,2026-01-03 00:33:23.000Z,446449,"US","paid",4347
1804,2026-01-03 00:35:17.000Z,303126,"SE","paid",7521
1805,2026-01-03 00:37:03.000Z,164055,"SE","paid",5972
1806,2026-01-03 00:38:05.000Z,496420,"UK","paid",3932
1807,2026-01-03 00:40:27.000Z,487405,"UK","paid",9873
1808,2026-01-03 00:41:57.000Z,977058,"PL","paid",1737
1809,2026-01-03 00:43:51.000Z,858515,"US","paid",2821
1810,2026-01-03 00:44:33.000Z,669520,"UK","refunded",1249
1811,2026-01-03 00:46:19.000Z,772009,"UK","paid",3083
1812,2026-01-03 00:47:57.000Z,791150,"UK","paid",9630
1813,2026-01-03 00:49:47.000Z,727983,"UK","paid",5549
1814,2026-01-03 00:51:33.000Z,102492,"SE","paid",4263
1815,2026-01-03 00:52:43.000Z,895365,"PL","paid",3646
1816,2026-01-03 00:54:41.000Z,989466,"UK","paid",1753
1817,2026-01-03 00:55:59.000Z,649067,"PL","paid",4298
1818,2026-01-03 00:57:57.000Z,139208,"UK","paid",4222
1819,2026-01-03 00:59:59.000Z,595713,"PL","paid",1745
1820,2026-01-03 01:01:29.000Z,754886,"DE","paid",4454
1821,2026-01-03 01:02:23.000Z,351943,"UK","paid",6116
1822,2026-01-03 01:04:49.000Z,531092,"US","paid",2291
1823,2026-01-03 01:06:27.000Z,440733,"FR","paid",703
1824,2026-01-03 01:07:53.000Z,920242,"FR","paid",7793
1825,2026-01-03 01:09:43.000Z,372995,"PL","paid",8503
1826,2026-01-03 01:10:29.000Z,906464,"PL","paid",9008
1827,2026-01-03 01:12:35.000Z,641593,"FR","paid",1573
1828,2026-01-03 01:13:41.000Z,780702,"SE","paid",8749
1829,2026-01-03 01:15:27.000Z,793311,"UK","paid",1680
1830,2026-01-03 01:17:41.000Z,293068,"DE","paid",1156
1831,2026-01-03 01:18:55.000Z,706325,"SE","paid",1390
1832,2026-01-03 01:20:25.000Z,584938,"PL","paid",9921
1833,2026-01-03 01:22:23.000Z,137659,"SE","paid",849
1834,2026-01-03 01:24:01.000Z,353240,"US","paid",6569
1835,2026-01-03 01:25:39.000Z,745041,"SE","paid",4370
1836,2026-01-03 01:27:25.000Z,159030,"UK","paid",4958
1837,2026-01-03 01:29:07.000Z,610775,"UK","paid",1819
1838,2026-01-03 01:30:09.000Z,892740,"UK","paid",6226
1839,2026-01-03 01:31:59.000Z,838573,"DE","paid",8849
1840,2026-01-03 01:34:01.000Z,171458,"UK","paid",1910
1841,2026-01-03 01:34:55.000Z,692755,"SE","cancelled",3559
1842,2026-01-03 01:36:57.000Z,733520,"FR","paid",5658
1843,2026-01-03 01:38:11.000Z,266697,"DE","paid",8427
1844,2026-01-03 01:40:01.000Z,323950,"DE","paid",212
1845,2026-01-03 01:41:15.000Z,484847,"UK","paid",3853
1846,2026-01-03 01:42:53.000Z,296988,"UK","paid",1731
1847,2026-01-03 01:44:51.000Z,103749,"UK","paid",4762
1848,2026-01-03 01:46:29.000Z,411130,"FR","paid",578
1849,2026-01-03 01:48:11.000Z,700395,"UK","paid",4358
1850,2026-01-03 01:49:57.000Z,757224,"UK","paid",5446
1851,2026-01-03 01:51:15.000Z,803585,"UK","paid",9036
1852,2026-01-03 01:53:13.000Z,186566,"PL","paid",9284
1853,2026-01-03 01:54:07.000Z,935623,"UK","paid",9210
1854,2026-01-03 01:56:13.000Z,988692,"SE","paid",2303
1855,2026-01-03 01:57:55.000Z,104957,"US","paid",3103
1856,2026-01-03 01:59:33.000Z,672498,"US","refunded",4739
1857,2026-01-03 02:01:23.000Z,551491,"UK","paid",9765
1858,2026-01-03 02:02:37.000Z,918848,"UK","paid",9658
1859,2026-01-03 02:04:15.000Z,250329,"US","refunded",9792
1860,2026-01-03 02:06:05.000Z,672862,"UK","paid",8928
1861,2026-01-03 02:07:07.000Z,286847,"FR","paid",6004
1862,2026-01-03 02:09:05.000Z,264908,"PL","paid",7426
1863,2026-01-03 02:11:07.000Z,651093,"UK","paid",3298
1864,2026-01-03 02:12:45.000Z,859594,"UK","paid",4736
1865,2026-01-03 02:13:55.000Z,379387,"UK","paid",3996
1866,2026-01-03 02:15:05.000Z,261400,"SE","paid",5493
1867,2026-01-03 02:16:51.000Z,355729,"UK","paid",1345
1868,2026-01-03 02:19:01.000Z,235222,"FR","paid",8799
1869,2026-01-03 02:20:51.000Z,598295,"FR","paid",9840
1870,2026-01-03 02:21:41.000Z,372228,"DE","paid",7303
1871,2026-01-03 02:23:55.000Z,121165,"PL","paid",9845
1872,2026-01-03 02:25:17.000Z,269410,"UK","cancelled",6669
1873,2026-01-03 02:26:31.000Z,872627,"UK","paid",8965
1874,2026-01-03 02:28:37.000Z,899536,"US","paid",6737
1875,2026-01-03 02:30:19.000Z,962121,"PL","paid",1261
1876,2026-01-03 02:31:17.000Z,803022,"PL","paid",3001
1877,2026-01-03 02:33:11.000Z,575279,"DE","paid",4840
1878,2026-01-03 02:35:25.000Z,113916,"FR","paid",8767
1879,2026-01-03 02:36:19.000Z,260453,"UK","paid",5373
1880,2026-01-03 02:37:53.000Z,253850,"US","paid",8214
1881,2026-01-03 02:39:23.000Z,419563,"UK","paid",8633
1882,2026-01-03 02:41:29.000Z,314472,"DE","paid",8036
1883,2026-01-03 02:42:35.000Z,309281,"UK","paid",8546
1884,2026-01-03 02:44:49.000Z,604998,"UK","paid",1102
1885,2026-01-03 02:46:07.000Z,611879,"DE","paid",3935
1886,2026-01-03 02:47:57.000Z,599892,"UK","refunded",6189
1887,2026-01-03 02:49:51.000Z,108509,"SE","paid",5846
1888,2026-01-03 02:50:57.000Z,953458,"SE","paid",4384
1889,2026-01-03 02:52:59.000Z,348323,"UK","paid",9118
1890,2026-01-03 02:54:29.000Z,471616,"UK","cancelled",7487
1891,2026-01-03 02:55:39.000Z,251929,"SE","paid",2770
1892,2026-01-03 02:57:33.000Z,485406,"FR","paid",2887
1893,2026-01-03 02:59:31.000Z,482367,"US","paid",3607
1894,2026-01-03 03:00:45.000Z,966604,"UK","paid",4607
1895,2026-01-03 03:02:47.000Z,157109,"FR","paid",2369
1896,2026-01-03 03:03:57.000Z,557642,"UK","paid",7177
1897,2026-01-03 03:06:03.000Z,951451,"FR","paid",8935
1898,2026-01-03 03:07:17.000Z,544568,"UK","paid",8041
1899,2026-01-03 03:09:15.000Z,776369,"FR","paid",4707
1900,2026-01-03 03:10:37.000Z,986294,"US","paid",594
1901,2026-01-03 03:12:23.000Z,544343,"US","refunded",5504
1902,2026-01-03 03:14:05.000Z,621508,"PL","paid",9707
1903,2026-01-03 03:14:59.000Z,558285,"UK","paid",2883
1904,2026-01-03 03:17:29.000Z,232898,"DE","paid",1120
1905,2026-01-03 03:18:51.000Z,854963,"FR","paid",7229
1906,2026-01-03 03:20:41.000Z,329136,"SE","paid",7195
1907,2026-01-03 03:22:07.000Z,498025,"UK","paid",2550
1908,2026-01-03 03:23:25.000Z,260046,"UK","refunded",9877
1909,2026-01-03 03:24:51.000Z,361135,"PL","paid",5946
1910,2026-01-03 03:27:01.000Z,792028,"US","cancelled",8982
1911,2026-01-03 03:28:35.000Z,311365,"DE","paid",1308
1912,2026-01-03 03:29:33.000Z,463066,"SE","paid",8801
1913,2026-01-03 03:31:39.000Z,672075,"DE","paid",1347
1914,2026-01-03 03:33:33.000Z,680072,"PL","paid",5513
1915,2026-01-03 03:34:35.000Z,272577,"DE","paid",1931
1916,2026-01-03 03:36:05.000Z,182630,"UK","refunded",7794
1917,2026-01-03 03:37:47.000Z,250375,"PL","paid",5675
1918,2026-01-03 03:39:41.000Z,501012,"FR","paid",6371
1919,2026-01-03 03:41:39.000Z,881853,"UK","paid",9016
1920,2026-01-03 03:42:49.000Z,839346,"UK","paid",5272
1921,2026-01-03 03:44:27.000Z,101347,"DE","paid",2598
1922,2026-01-03 03:46:25.000Z,970528,"DE","paid",4255
1923,2026-01-03 03:47:19.000Z,522585,"UK","paid",9159
1924,2026-01-03 03:49:49.000Z,342398,"US","paid",4708
1925,2026-01-03 03:50:43.000Z,900895,"SE","paid",8532
1926,2026-01-03 03:52:21.000Z,993836,"UK","cancelled",2279
1927,2026-01-03 03:54:07.000Z,919445,"US","paid",9235
1928,2026-01-03 03:55:37.000Z,596938,"DE","paid",182
1929,2026-01-03 03:57:47.000Z,125851,"US","paid",2164
1930,2026-01-03 03:59:01.000Z,941528,"FR","paid",1215
1931,2026-01-03 04:01:03.000Z,295953,"US","paid",7507
1932,2026-01-03 04:02:45.000Z,667958,"SE","paid",6716
1933,2026-01-03 04:03:51.000Z,535927,"SE","paid",6160
1934,2026-01-03 04:05:37.000Z,908356,"UK","paid",7694
1935,2026-01-03 04:07:03.000Z,389645,"UK","refunded",5537
1936,2026-01-03 04:08:49.000Z,717794,"PL","paid",8793
1937,2026-01-03 04:10:27.000Z,874995,"US","paid",2644
1938,2026-01-03 04:11:49.000Z,955920,"UK","paid",7433
1939,2026-01-03 04:13:39.000Z,337993,"UK","paid",7799
1940,2026-01-03 04:15:29.000Z,178766,"UK","paid",6804
1941,2026-01-03 04:16:47.000Z,840847,"UK","paid",6064
1942,2026-01-03 04:18:09.000Z,983932,"SE","paid",8224
1943,2026-01-03 04:20:07.000Z,535333,"PL","paid",6453
1944,2026-01-03 04:21:37.000Z,878106,"UK","paid",5108
1945,2026-01-03 04:23:39.000Z,569131,"PL","paid",1800
1946,2026-01-03 04:24:49.000Z,278824,"UK","cancelled",8477
1947,2026-01-03 04:26:55.000Z,528033,"PL","paid",3751
1948,2026-01-03 04:28:25.000Z,942086,"DE","paid",4306
1949,2026-01-03 04:29:23.000Z,306407,"UK","paid",2806
1950,2026-01-03 04:31:25.000Z,874932,"US","paid",8427
1951,2026-01-03 04:33:15.000Z,923005,"FR","paid",9309
1952,2026-01-03 04:34:49.000Z,765682,"FR","paid",6423
1953,2026-01-03 04:35:47.000Z,759523,"PL","cancelled",3164
1954,2026-01-03 04:37:41.000Z,544320,"PL","paid",8078
1955,2026-01-03 04:38:59.000Z,596921,"FR","paid",803
1956,2026-01-03 04:40:53.000Z,136318,"SE","paid",3172
1957,2026-01-03 04:42:43.000Z,418271,"UK","paid",4521
1958,2026-01-03 04:44:01.000Z,772492,"DE","paid",2971
1959,2026-01-03 04:45:51.000Z,900725,"SE","refunded",1439
1960,2026-01-03 04:47:33.000Z,721930,"PL","paid",5938
1961,2026-01-03 04:49:19.000Z,469339,"SE","paid",6497
1962,2026-01-03 04:51:05.000Z,279448,"US","paid",9725
1963,2026-01-03 04:52:31.000Z,378257,"SE","paid",5803
1964,2026-01-03 04:54:05.000Z,820694,"UK","paid",8845
1965,2026-01-03 04:55:55.000Z,663927,"UK","paid",9986
1966,2026-01-03 04:57:33.000Z,865348,"UK","paid",6620
1967,2026-01-03 04:58:35.000Z,736973,"DE","paid",5173
1968,2026-01-03 05:00:25.000Z,139266,"UK","paid",4198
1969,2026-01-03 05:02:19.000Z,230003,"SE","paid",5290
1970,2026-01-03 05:03:21.000Z,369168,"FR","refunded",5129
1971,2026-01-03 05:05:11.000Z,704041,"DE","paid",5202
1972,2026-01-03 05:07:25.000Z,660398,"DE","paid",5178
1973,2026-01-03 05:09:03.000Z,316719,"UK","paid",4716
1974,2026-01-03 05:10:01.000Z,439740,"UK","cancelled",4464
1975,2026-01-03 05:11:23.000Z,744165,"UK","paid",3257
1976,2026-01-03 05:13:25.000Z,164890,"FR","paid",9453
1977,2026-01-03 05:15:31.000Z,983979,"UK","paid",5380
1978,2026-01-03 05:16:29.000Z,307560,"UK","paid",5420
1979,2026-01-03 05:18:11.000Z,401345,"UK","paid",2282
1980,2026-01-03 05:19:53.000Z,425350,"PL","paid",8340
1981,2026-01-03 05:21:43.000Z,339143,"UK","paid",4136
1982,2026-01-03 05:23:01.000Z,385684,"SE","paid",9651
1983,2026-01-03 05:24:27.000Z,879293,"US","paid",2093
1984,2026-01-03 05:26:41.000Z,810930,"US","paid",6921
1985,2026-01-03 05:27:51.000Z,784803,"UK","paid",8530
1986,2026-01-03 05:29:41.000Z,742816,"UK","paid",6200
1987,2026-01-03 05:31:11.000Z,317049,"US","paid",2874
1988,2026-01-03 05:33:09.000Z,511710,"UK","paid",944
1989,2026-01-03 05:34:47.000Z,446911,"FR","paid",6468
1990,2026-01-03 05:35:53.000Z,193260,"PL","paid",509
1991,2026-01-03 05:37:11.000Z,861941,"UK","paid",5935
1992,2026-01-03 05:39:37.000Z,320010,"UK","paid",7097
1993,2026-01-03 05:40:27.000Z,994363,"UK","paid",620
1994,2026-01-03 05:42:29.000Z,575768,"SE","paid",4410
1995,2026-01-03 05:44:35.000Z,910897,"UK","paid",9790
1996,2026-01-03 05:45:57.000Z,304342,"FR","paid",1721
1997,2026-01-03 05:47:39.000Z,939447,"FR","paid",6307
1998,2026-01-03 05:49:21.000Z,887972,"DE","paid",5613
1999,2026-01-03 05:50:35.000Z,789549,"PL","paid",5573
2000,2026-01-03 05:51:53.000Z,406370,"UK","paid",269
2001,2026-01-03 05:53:31.000Z,628371,"UK","paid",2572
2002,2026-01-03 05:55:25.000Z,897488,"US","paid",4733
2003,2026-01-03 05:56:47.000Z,325673,"PL","paid",6585
2004,2026-01-03 05:58:41.000Z,841870,"PL","paid",166
2005,2026-01-03 06:00:15.000Z,694927,"DE","paid",2059
2006,2026-01-03 06:01:25.000Z,823420,"FR","paid",8012
2007,2026-01-03 06:03:43.000Z,198981,"UK","paid",2541
2008,2026-01-03 06:05:37.000Z,399578,"US","paid",3697
2009,2026-01-03 06:06:43.000Z,868267,"UK","paid",3775
2010,2026-01-03 06:08:33.000Z,402440,"DE","paid",1502
2011,2026-01-03 06:10:03.000Z,592993,"UK","paid",8605
2012,2026-01-03 06:11:25.000Z,191878,"UK","paid",3634
2013,2026-01-03 06:13:23.000Z,978919,"DE","paid",8381
2014,2026-01-03 06:14:57.000Z,511156,"UK","cancelled",9769
2015,2026-01-03 06:16:39.000Z,680061,"SE","paid",2032
2016,2026-01-03 06:18:21.000Z,780146,"SE","paid",5502
2017,2026-01-03 06:19:43.000Z,233891,"UK","paid",3219
2018,2026-01-03 06:21:01.000Z,906112,"UK","paid",1297
2019,2026-01-03 06:22:39.000Z,983513,"SE","paid",3536
2020,2026-01-03 06:24:53.000Z,730590,"FR","paid",6318
2021,2026-01-03 06:26:35.000Z,519455,"US","paid",615
2022,2026-01-03 06:27:33.000Z,977036,"UK","paid",1470
2023,2026-01-03 06:29:35.000Z,364341,"FR","paid",7510
2024,2026-01-03 06:30:53.000Z,305162,"UK","paid",5762
2025,2026-01-03 06:32:27.000Z,675419,"FR","paid",8611
2026,2026-01-03 06:34:13.000Z,885368,"UK","cancelled",4949
2027,2026-01-03 06:36:15.000Z,456273,"FR","paid",2967
2028,2026-01-03 06:37:17.000Z,928918,"US","paid",6340
2029,2026-01-03 06:38:47.000Z,561111,"US","paid",4468
2030,2026-01-03 06:40:29.000Z,836516,"PL","paid",5001
2031,2026-01-03 06:42:15.000Z,567725,"UK","paid",1347
2032,2026-01-03 06:43:45.000Z,287458,"DE","paid",520
2033,2026-01-03 06:45:15.000Z,558771,"FR","paid",5420
2034,2026-01-03 06:46:41.000Z,441520,"SE","paid",8383
2035,2026-01-03 06:48:19.000Z,939881,"UK","paid",7798
2036,2026-01-03 06:50:37.000Z,277582,"UK","paid",2470
2037,2026-01-03 06:52:07.000Z,934575,"PL","cancelled",117
2038,2026-01-03 06:53:53.000Z,396444,"US","paid",1499
2039,2026-01-03 06:55:35.000Z,477509,"DE","paid",3071
2040,2026-01-03 06:56:41.000Z,433978,"SE","paid",288
2041,2026-01-03 06:58:03.000Z,852043,"DE","paid",4773
2042,2026-01-03 06:59:49.000Z,438952,"PL","paid",8651
2043,2026-01-03 07:01:59.000Z,310945,"DE","paid",7926
2044,2026-01-03 07:03:21.000Z,753190,"UK","paid",7607
2045,2026-01-03 07:05:07.000Z,808999,"PL","paid",6225
2046,2026-01-03 07:06:33.000Z,310388,"FR","paid",223
2047,2026-01-03 07:08:31.000Z,854909,"UK","paid",1426
2048,2026-01-03 07:09:21.000Z,455922,"UK","paid",9218
2049,2026-01-03 07:11:55.000Z,925539,"DE","paid",7243
2050,2026-01-03 07:12:49.000Z,446336,"DE","paid",3636
2051,2026-01-03 07:14:47.000Z,520697,"UK","paid",5092
2052,2026-01-03 07:16:37.000Z,723390,"US","paid",2287
2053,2026-01-03 07:18:19.000Z,172415,"SE","paid",3533
2054,2026-01-03 07:19:29.000Z,625868,"UK","paid",4143
2055,2026-01-03 07:21:15.000Z,134837,"US","paid",9836
2056,2026-01-03 07:22:37.000Z,417962,"DE","paid",3691
2057,2026-01-03 07:23:55.000Z,165403,"US","paid",1344
2058,2026-01-03 07:26:21.000Z,669752,"FR","paid",7268
2059,2026-01-03 07:27:35.000Z,751569,"US","paid",1540
2060,2026-01-03 07:29:25.000Z,756502,"SE","paid",8082
2061,2026-01-03 07:31:11.000Z,280471,"SE","paid",5779
2062,2026-01-03 07:32:53.000Z,601476,"UK","paid",7960
2063,2026-01-03 07:34:27.000Z,943053,"UK","paid",3109
2064,2026-01-03 07:35:45.000Z,977474,"PL","paid",8113
2065,2026-01-03 07:37:31.000Z,753683,"US","paid",2915
2066,2026-01-03 07:38:45.000Z,824880,"UK","paid",4776
2067,2026-01-03 07:40:51.000Z,342089,"UK","paid",7287
2068,2026-01-03 07:41:57.000Z,173998,"UK","paid",6973
2069,2026-01-03 07:44:11.000Z,165935,"UK","paid",722
2070,2026-01-03 07:45:41.000Z,317788,"SE","paid",9181
2071,2026-01-03 07:47:11.000Z,723141,"PL","paid",2700
2072,2026-01-03 07:48:33.000Z,813786,"UK","paid",602
2073,2026-01-03 07:49:55.000Z,711051,"PL","paid",1738
2074,2026-01-03 07:51:37.000Z,364616,"UK","paid",6788
2075,2026-01-03 07:53:31.000Z,137953,"PL","paid",8258
2076,2026-01-03 07:55:17.000Z,589222,"DE","paid",2474
2077,2026-01-03 07:56:55.000Z,949223,"UK","paid",9607
2078,2026-01-03 07:58:37.000Z,672628,"US","cancelled",4999
2079,2026-01-03 07:59:27.000Z,399101,"FR","cancelled",1559
2080,2026-01-03 08:01:53.000Z,812850,"FR","paid",6621
2081,2026-01-03 08:03:19.000Z,956899,"PL","paid",7213
2082,2026-01-03 08:04:45.000Z,647648,"PL","refunded",1379
2083,2026-01-03 08:06:47.000Z,760473,"FR","paid",3776
2084,2026-01-03 08:08:09.000Z,188958,"SE","paid",5940
2085,2026-01-03 08:09:35.000Z,662527,"UK","paid",3137
2086,2026-01-03 08:11:37.000Z,272012,"DE","refunded",9662
2087,2026-01-03 08:12:31.000Z,516949,"SE","paid",4533
2088,2026-01-03 08:14:17.000Z,125578,"PL","paid",2291
2089,2026-01-03 08:15:55.000Z,979259,"SE","paid",4985
2090,2026-01-03 08:17:45.000Z,529752,"US","paid",4158
2091,2026-01-03 08:19:35.000Z,325105,"SE","paid",5328
2092,2026-01-03 08:21:05.000Z,401238,"UK","paid",6211
2093,2026-01-03 08:22:23.000Z,936599,"UK","paid",1873
2094,2026-01-03 08:24:21.000Z,354500,"UK","paid",9378
2095,2026-01-03 08:25:23.000Z,101805,"DE","paid",1990
2096,2026-01-03 08:27:05.000Z,865250,"UK","paid",5242
2097,2026-01-03 08:28:55.000Z,191283,"SE","paid",9313
2098,2026-01-03 08:30:37.000Z,259568,"FR","paid",513
2099,2026-01-03 08:32:15.000Z,235209,"DE","cancelled",7322
2100,2026-01-03 08:33:25.000Z,438702,"DE","paid",3879
2101,2026-01-03 08:35:07.000Z,872207,"UK","paid",7574
2102,2026-01-03 08:37:33.000Z,876636,"UK","paid",8662
2103,2026-01-03 08:38:27.000Z,344933,"UK","paid",8265
2104,2026-01-03 08:40:21.000Z,911290,"FR","paid",5668
2105,2026-01-03 08:42:19.000Z,266731,"UK","paid",3310
2106,2026-01-03 08:43:49.000Z,198984,"UK","paid",3223
2107,2026-01-03 08:44:43.000Z,796961,"UK","paid",2465
2108,2026-01-03 08:46:41.000Z,397382,"PL","paid",5785
2109,2026-01-03 08:48:43.000Z,974247,"UK","paid",165
2110,2026-01-03 08:49:49.000Z,968276,"SE","paid",199
2111,2026-01-03 08:51:51.000Z,540861,"US","paid",1975
2112,2026-01-03 08:53:45.000Z,103058,"US","paid",4479
2113,2026-01-03 08:55:23.000Z,270819,"UK","paid",5019
2114,2026-01-03 08:56:25.000Z,417184,"UK","paid",8841
2115,2026-01-03 08:58:19.000Z,660441,"US","paid",7487
2116,2026-01-03 08:59:17.000Z,227262,"UK","paid",9883
2117,2026-01-03 09:01:15.000Z,383103,"FR","paid",8601
2118,2026-01-03 09:02:53.000Z,512524,"PL","paid",564
2119,2026-01-03 09:04:27.000Z,319861,"UK","refunded",2104
2120,2026-01-03 09:06:41.000Z,505418,"UK","cancelled",2209
2121,2026-01-03 09:07:51.000Z,910331,"UK","paid",2396
2122,2026-01-03 09:09:49.000Z,238232,"SE","paid",5902
2123,2026-01-03 09:10:55.000Z,629041,"UK","paid",8490
2124,2026-01-03 09:12:53.000Z,894742,"FR","paid",5623
2125,2026-01-03 09:14:11.000Z,505143,"FR","paid",5639
2126,2026-01-03 09:15:25.000Z,464740,"DE","refunded",6167
2127,2026-01-03 09:17:39.000Z,514157,"PL","paid",5945
2128,2026-01-03 09:18:53.000Z,598914,"UK","paid",4273
2129,2026-01-03 09:20:55.000Z,762739,"UK","paid",3823
2130,2026-01-03 09:22:05.000Z,796912,"US","paid",8960
2131,2026-01-03 09:24:27.000Z,996937,"PL","paid",3280
2132,2026-01-03 09:25:17.000Z,914990,"PL","paid",6764
2133,2026-01-03 09:27:23.000Z,307759,"DE","paid",4381
2134,2026-01-03 09:28:21.000Z,110620,"FR","paid",8033
2135,2026-01-03 09:30:51.000Z,419493,"UK","cancelled",3412
2136,2026-01-03 09:32:17.000Z,641722,"US","paid",6676
2137,2026-01-03 09:34:11.000Z,767979,"UK","paid",5765
2138,2026-01-03 09:35:29.000Z,451880,"DE","paid",901
2139,2026-01-03 09:37:15.000Z,220289,"UK","paid",4567
2140,2026-01-03 09:38:25.000Z,727142,"UK","paid",9370
2141,2026-01-03 09:40:35.000Z,211655,"DE","paid",1002
2142,2026-01-03 09:41:17.000Z,597940,"UK","paid",4370
2143,2026-01-03 09:43:15.000Z,325021,"SE","paid",9967
2144,2026-01-03 09:44:33.000Z,554322,"SE","paid",548
2145,2026-01-03 09:46:55.000Z,488547,"UK","paid",8748
2146,2026-01-03 09:47:49.000Z,450464,"UK","paid",8742
2147,2026-01-03 09:49:35.000Z,218393,"SE","paid",8977
2148,2026-01-03 09:51:21.000Z,973982,"FR","paid",397
2149,2026-01-03 09:52:59.000Z,598623,"US","paid",9103
2150,2026-01-03 09:54:33.000Z,991020,"UK","paid",2245
2151,2026-01-03 09:56:15.000Z,669365,"FR","paid",1003
2152,2026-01-03 09:58:25.000Z,310538,"UK","paid",4983
2153,2026-01-03 09:59:59.000Z,664955,"FR","paid",795
2154,2026-01-03 10:01:29.000Z,540088,"UK","paid",678
2155,2026-01-03 10:02:27.000Z,973969,"FR","paid",7780
2156,2026-01-03 10:04:41.000Z,337046,"US","paid",5710
2157,2026-01-03 10:05:55.000Z,565623,"US","paid",895
2158,2026-01-03 10:07:57.000Z,347908,"PL","paid",8399
2159,2026-01-03 10:09:19.000Z,248653,"UK","paid",3040
2160,2026-01-03 10:10:37.000Z,636834,"DE","paid",6916
2161,2026-01-03 10:12:47.000Z,303027,"FR","paid",3199
2162,2026-01-03 10:13:53.000Z,311216,"SE","paid",343
2163,2026-01-03 10:15:55.000Z,445161,"UK","paid",5090
2164,2026-01-03 10:17:33.000Z,879982,"UK","paid",5548
2165,2026-01-03 10:19:19.000Z,712591,"PL","paid",7243
2166,2026-01-03 10:20:09.000Z,420284,"US","paid",9160
2167,2026-01-03 10:22:19.000Z,321797,"DE","paid",1398
2168,2026-01-03 10:23:45.000Z,546906,"SE","paid",4371
2169,2026-01-03 10:25:19.000Z,976683,"DE","paid",9931
2170,2026-01-03 10:26:41.000Z,470568,"PL","paid",2106
2171,2026-01-03 10:29:03.000Z,813153,"DE","paid",4361
2172,2026-01-03 10:30:37.000Z,996390,"UK","paid",9459
2173,2026-01-03 10:31:51.000Z,525607,"PL","paid",6978
2174,2026-01-03 10:33:01.000Z,143380,"FR","paid",7971
2175,2026-01-03 10:34:47.000Z,778429,"UK","paid",2621
2176,2026-01-03 10:37:13.000Z,604658,"UK","paid",1724
2177,2026-01-03 10:38:11.000Z,493379,"DE","paid",2576
2178,2026-01-03 10:40:01.000Z,949632,"DE","paid",9546
2179,2026-01-03 10:41:43.000Z,723257,"UK","paid",4414
2180,2026-01-03 10:43:41.000Z,365918,"US","paid",8583
2181,2026-01-03 10:44:27.000Z,442847,"SE","paid",6005
2182,2026-01-03 10:46:53.000Z,815916,"UK","paid",1702
2183,2026-01-03 10:47:43.000Z,173269,"US","cancelled",9077
2184,2026-01-03 10:49:41.000Z,971530,"DE","paid",664
2185,2026-01-03 10:51:23.000Z,493275,"US","paid",5344
2186,2026-01-03 10:52:29.000Z,619544,"FR","paid",3229
2187,2026-01-03 10:54:51.000Z,977969,"US","paid",3777
2188,2026-01-03 10:55:53.000Z,363894,"SE","paid",9436
2189,2026-01-03 10:57:27.000Z,901431,"SE","paid",1795
2190,2026-01-03 10:58:57.000Z,768164,"UK","paid",7134
2191,2026-01-03 11:00:59.000Z,841389,"UK","refunded",7649
2192,2026-01-03 11:02:41.000Z,996674,"PL","paid",5453
2193,2026-01-03 11:04:39.000Z,460115,"US","paid",8950
2194,2026-01-03 11:06:01.000Z,181520,"UK","paid",2800
2195,2026-01-03 11:07:35.000Z,723497,"UK","paid",4646
2196,2026-01-03 11:08:45.000Z,446510,"UK","paid",3622
2197,2026-01-03 11:10:27.000Z,248815,"UK","paid",1133
2198,2026-01-03 11:12:01.000Z,970972,"SE","paid",5206
2199,2026-01-03 11:13:55.000Z,843429,"PL","paid",3427
2200,2026-01-03 11:15:29.000Z,978906,"UK","paid",8637
2201,2026-01-03 11:16:51.000Z,433131,"PL","paid",3036
2202,2026-01-03 11:18:57.000Z,259880,"UK","paid",3930
2203,2026-01-03 11:20:31.000Z,306497,"PL","paid",3309
2204,2026-01-03 11:22:25.000Z,224134,"DE","paid",7499
2205,2026-01-03 11:23:47.000Z,435079,"UK","paid",2449
2206,2026-01-03 11:24:45.000Z,383860,"US","paid",3488
2207,2026-01-03 11:26:51.000Z,828189,"FR","paid",3962
2208,2026-01-03 11:28:09.000Z,385970,"FR","paid",3831
2209,2026-01-03 11:30:03.000Z,114307,"PL","refunded",5754
2210,2026-01-03 11:31:29.000Z,305216,"PL","paid",7921
2211,2026-01-03 11:33:03.000Z,422393,"FR","paid",2458
2212,2026-01-03 11:34:29.000Z,357342,"SE","paid",1871
2213,2026-01-03 11:36:15.000Z,204351,"UK","paid",9962
2214,2026-01-03 11:38:37.000Z,925836,"DE","cancelled",8577
2215,2026-01-03 11:40:11.000Z,906933,"SE","paid",1086
2216,2026-01-03 11:41:37.000Z,778282,"PL","paid",9480
2217,2026-01-03 11:42:59.000Z,858427,"SE","paid",5961
2218,2026-01-03 11:44:37.000Z,967448,"US","paid",4542
2219,2026-01-03 11:46:43.000Z,650257,"SE","paid",476
2220,2026-01-03 11:47:29.000Z,161206,"UK","paid",6421
2221,2026-01-03 11:49:55.000Z,232535,"UK","paid",4145
2222,2026-01-03 11:50:53.000Z,719876,"UK","paid",6180
2223,2026-01-03 11:52:35.000Z,243181,"DE","paid",4770
2224,2026-01-03 11:54:49.000Z,606338,"UK","cancelled",1309
2225,2026-01-03 11:55:59.000Z,960371,"SE","refunded",8984
2226,2026-01-03 11:57:17.000Z,226192,"FR","paid",1740
2227,2026-01-03 11:59:11.000Z,683049,"DE","paid",7574
2228,2026-01-03 12:00:25.000Z,228526,"DE","paid",9600
2229,2026-01-03 12:02:55.000Z,996879,"UK","paid",4237
2230,2026-01-03 12:03:37.000Z,141884,"UK","paid",1671
2231,2026-01-03 12:05:27.000Z,341637,"UK","paid",9788
2232,2026-01-03 12:07:09.000Z,949082,"FR","paid",135
2233,2026-01-03 12:09:23.000Z,439659,"UK","paid",7796
2234,2026-01-03 12:10:41.000Z,378440,"UK","paid",3217
2235,2026-01-03 12:11:43.000Z,255105,"UK","paid",7116
2236,2026-01-03 12:14:05.000Z,714150,"PL","paid",9745
2237,2026-01-03 12:15:31.000Z,744679,"UK","paid",4163
2238,2026-01-03 12:16:41.000Z,328852,"SE","paid",6051
2239,2026-01-03 12:18:27.000Z,483421,"US","paid",7810
2240,2026-01-03 12:20:41.000Z,489458,"US","paid",3169
2241,2026-01-03 12:21:35.000Z,775075,"UK","paid",4548
2242,2026-01-03 12:23:13.000Z,579776,"UK","refunded",8127
2243,2026-01-03 12:25:27.000Z,403353,"US","paid",6521
2244,2026-01-03 12:26:53.000Z,389182,"UK","paid",9430
2245,2026-01-03 12:27:59.000Z,740991,"FR","refunded",4209
2246,2026-01-03 12:30:21.000Z,740556,"PL","paid",4427
2247,2026-01-03 12:31:11.000Z,376789,"UK","paid",2022
2248,2026-01-03 12:32:41.000Z,530922,"UK","paid",1398
2249,2026-01-03 12:35:11.000Z,385595,"UK","paid",8248
2250,2026-01-03 12:36:41.000Z,912088,"SE","cancelled",4847
2251,2026-01-03 12:37:51.000Z,558481,"UK","paid",4467
2252,2026-01-03 12:40:01.000Z,650614,"FR","paid",9658
2253,2026-01-03 12:40:51.000Z,799127,"FR","paid",4798
2254,2026-01-03 12:42:49.000Z,211268,"DE","paid",1881
2255,2026-01-03 12:44:19.000Z,605101,"PL","paid",6533
2256,2026-01-03 12:46:13.000Z,987618,"UK","cancelled",4637
2257,2026-01-03 12:47:27.000Z,424915,"UK","paid",7722
2258,2026-01-03 12:49:33.000Z,670224,"US","paid",8316
2259,2026-01-03 12:50:59.000Z,215113,"PL","paid",4348
2260,2026-01-03 12:52:21.000Z,608398,"PL","paid",6789
2261,2026-01-03 12:54:03.000Z,959343,"DE","paid",3616
2262,2026-01-03 12:55:21.000Z,109724,"FR","paid",6078
2263,2026-01-03 12:57:51.000Z,390277,"UK","paid",8715
2264,2026-01-03 12:58:53.000Z,262682,"US","paid",7851
2265,2026-01-03 13:00:43.000Z,293355,"UK","paid",4039
2266,2026-01-03 13:02:37.000Z,158792,"DE","paid",1931
2267,2026-01-03 13:03:39.000Z,804897,"UK","paid",5102
2268,2026-01-03 13:05:25.000Z,205926,"UK","paid",6227
2269,2026-01-03 13:07:07.000Z,713831,"DE","paid",8464
2270,2026-01-03 13:09:01.000Z,252628,"UK","paid",2294
2271,2026-01-03 13:09:51.000Z,353501,"SE","paid",5421
2272,2026-01-03 13:12:05.000Z,165618,"SE","paid",6414
2273,2026-01-03 13:13:27.000Z,345123,"UK","refunded",497
2274,2026-01-03 13:15:33.000Z,809792,"UK","paid",9644
2275,2026-01-03 13:17:15.000Z,679417,"SE","paid",1983
2276,2026-01-03 13:18:21.000Z,885246,"FR","paid",8309
2277,2026-01-03 13:19:55.000Z,298143,"US","paid",1904
2278,2026-01-03 13:21:09.000Z,610060,"UK","paid",3356
2279,2026-01-03 13:22:55.000Z,540469,"FR","paid",3376
2280,2026-01-03 13:24:25.000Z,672522,"UK","cancelled",5852
2281,2026-01-03 13:26:35.000Z,194715,"FR","paid",4623
2282,2026-01-03 13:27:41.000Z,272024,"UK","paid",9903
2283,2026-01-03 13:29:27.000Z,426833,"FR","paid",7601
2284,2026-01-03 13:31:25.000Z,805814,"US","paid",6421
2285,2026-01-03 13:33:27.000Z,428919,"US","paid",827
2286,2026-01-03 13:34:41.000Z,431716,"PL","paid",2093
2287,2026-01-03 13:36:23.000Z,911181,"UK","cancelled",3532
2288,2026-01-03 13:37:53.000Z,437954,"DE","paid",6675
2289,2026-01-03 13:39:35.000Z,387859,"FR","paid",4234
2290,2026-01-03 13:40:49.000Z,659696,"SE","paid",2906
2291,2026-01-03 13:42:43.000Z,836713,"UK","paid",7014
2292,2026-01-03 13:44:37.000Z,836910,"UK","paid",2693
2293,2026-01-03 13:46:11.000Z,508047,"PL","paid",8410
2294,2026-01-03 13:47:05.000Z,381404,"US","paid",9001
2295,2026-01-03 13:49:03.000Z,296165,"DE","paid",6505
2296,2026-01-03 13:50:45.000Z,984250,"SE","paid",1850
2297,2026-01-03 13:52:23.000Z,320651,"DE","paid",6256
2298,2026-01-03 13:53:53.000Z,721864,"PL","paid",141
2299,2026-01-03 13:55:23.000Z,776577,"DE","paid",9391
2300,2026-01-03 13:57:05.000Z,456422,"UK","paid",2503
2301,2026-01-03 13:58:47.000Z,254887,"PL","paid",3663
2302,2026-01-03 14:00:09.000Z,292372,"FR","paid",2319
2303,2026-01-03 14:02:03.000Z,413469,"UK","paid",6935
2304,2026-01-03 14:03:29.000Z,609778,"UK","paid",7934
2305,2026-01-03 14:05:31.000Z,988643,"DE","paid",1753
2306,2026-01-03 14:06:41.000Z,585536,"DE","paid",1804
2307,2026-01-03 14:08:11.000Z,420409,"UK","paid",8988
2308,2026-01-03 14:10:09.000Z,572350,"US","cancelled",8002
2309,2026-01-03 14:11:43.000Z,641407,"SE","paid",7346
2310,2026-01-03 14:13:49.000Z,181836,"UK","paid",1693
2311,2026-01-03 14:14:55.000Z,670325,"US","paid",6862
2312,2026-01-03 14:16:41.000Z,556394,"DE","paid",2013
2313,2026-01-03 14:18:15.000Z,467771,"US","paid",3188
2314,2026-01-03 14:20:01.000Z,654200,"FR","paid",3773
2315,2026-01-03 14:21:19.000Z,788881,"US","paid",3085
2316,2026-01-03 14:23:13.000Z,750678,"SE","paid",343
2317,2026-01-03 14:24:19.000Z,469847,"SE","paid",246
2318,2026-01-03 14:26:01.000Z,884452,"UK","paid",7208
2319,2026-01-03 14:27:51.000Z,494765,"UK","cancelled",4829
2320,2026-01-03 14:29:09.000Z,665026,"PL","paid",7805
2321,2026-01-03 14:31:07.000Z,378067,"US","paid",4205
2322,2026-01-03 14:33:09.000Z,647312,"UK","paid",1536
2323,2026-01-03 14:34:39.000Z,605065,"UK","paid",2566
2324,2026-01-03 14:36:17.000Z,665966,"UK","paid",136
2325,2026-01-03 14:38:03.000Z,835055,"UK","paid",9003
2326,2026-01-03 14:39:33.000Z,744988,"SE","paid",2623
2327,2026-01-03 14:40:43.000Z,531781,"PL","paid",8539
2328,2026-01-03 14:42:09.000Z,488570,"UK","paid",936
2329,2026-01-03 14:44:23.000Z,810027,"PL","cancelled",5029
2330,2026-01-03 14:45:25.000Z,727912,"UK","paid",4681
2331,2026-01-03 14:47:47.000Z,198337,"PL","paid",6235
2332,2026-01-03 14:49:01.000Z,291014,"DE","paid",8531
2333,2026-01-03 14:50:15.000Z,184071,"UK","paid",8406
2334,2026-01-03 14:51:45.000Z,217364,"US","paid",6708
2335,2026-01-03 14:53:55.000Z,987677,"FR","paid",1364
2336,2026-01-03 14:55:25.000Z,441970,"FR","paid",4221
2337,2026-01-03 14:57:15.000Z,415523,"PL","paid",2043
2338,2026-01-03 14:58:09.000Z,971200,"PL","paid",8758
2339,2026-01-03 15:00:11.000Z,254585,"FR","refunded",772
2340,2026-01-03 15:01:33.000Z,478430,"SE","paid",3426
2341,2026-01-03 15:03:27.000Z,756607,"UK","paid",6078
2342,2026-01-03 15:05:09.000Z,368172,"DE","paid",6864
2343,2026-01-03 15:06:51.000Z,555317,"SE","paid",2139
2344,2026-01-03 15:08:17.000Z,895146,"PL","paid",9128
2345,2026-01-03 15:09:51.000Z,532443,"SE","paid",7525
2346,2026-01-03 15:11:09.000Z,472184,"US","cancelled",6167
2347,2026-01-03 15:13:39.000Z,434737,"SE","paid",8993
2348,2026-01-03 15:14:45.000Z,712086,"UK","paid",7704
2349,2026-01-03 15:16:03.000Z,139127,"UK","paid",3452
2350,2026-01-03 15:17:57.000Z,286564,"UK","paid",254
2351,2026-01-03 15:19:23.000Z,671213,"DE","paid",9086
2352,2026-01-03 15:21:33.000Z,403106,"UK","paid",8057
2353,2026-01-03 15:23:07.000Z,702803,"SE","refunded",9619
2354,2026-01-03 15:24:09.000Z,257808,"FR","paid",8020
2355,2026-01-03 15:26:23.000Z,919465,"DE","paid",9881
2356,2026-01-03 15:27:41.000Z,515886,"DE","paid",6338
2357,2026-01-03 15:29:03.000Z,519951,"UK","paid",5899
2358,2026-01-03 15:31:21.000Z,369692,"UK","paid",540
2359,2026-01-03 15:32:31.000Z,202565,"UK","paid",8555
2360,2026-01-03 15:34:41.000Z,377018,"FR","paid",3765
2361,2026-01-03 15:35:47.000Z,861067,"UK","paid",7861
2362,2026-01-03 15:37:41.000Z,709224,"UK","paid",280
2363,2026-01-03 15:38:47.000Z,473153,"UK","paid",4691
2364,2026-01-03 15:40:25.000Z,103494,"PL","paid",8961
2365,2026-01-03 15:42:39.000Z,337831,"UK","paid",2780
2366,2026-01-03 15:43:49.000Z,643444,"SE","paid",9399
2367,2026-01-03 15:45:35.000Z,300733,"US","paid",4856
2368,2026-01-03 15:47:17.000Z,227058,"US","paid",9159
2369,2026-01-03 15:48:43.000Z,881347,"UK","paid",473
2370,2026-01-03 15:49:53.000Z,319360,"UK","cancelled",3264
2371,2026-01-03 15:52:23.000Z,468633,"US","paid",2663
2372,2026-01-03 15:54:05.000Z,499838,"UK","paid",3794
2373,2026-01-03 15:55:35.000Z,449791,"FR","paid",4490
2374,2026-01-03 15:57:17.000Z,227916,"PL","paid",9758
2375,2026-01-03 15:58:39.000Z,584661,"UK","paid",6003
2376,2026-01-03 16:00:29.000Z,495274,"UK","paid",5675
2377,2026-01-03 16:01:15.000Z,411163,"UK","paid",8024
2378,2026-01-03 16:03:41.000Z,660632,"SE","paid",6020
2379,2026-01-03 16:04:51.000Z,512945,"UK","paid",6388
2380,2026-01-03 16:06:05.000Z,350742,"FR","paid",1328
2381,2026-01-03 16:08:19.000Z,792439,"FR","paid",9826
2382,2026-01-03 16:09:37.000Z,419940,"DE","paid",5059
2383,2026-01-03 16:11:03.000Z,739789,"PL","paid",2086
2384,2026-01-03 16:12:49.000Z,813058,"UK","refunded",7117
2385,2026-01-03 16:14:15.000Z,815027,"UK","paid",8037
2386,2026-01-03 16:16:05.000Z,171600,"US","paid",3655
2387,2026-01-03 16:18:11.000Z,703049,"PL","paid",2576
2388,2026-01-03 16:19:25.000Z,575406,"PL","cancelled",3214
2389,2026-01-03 16:20:51.000Z,678895,"DE","paid",1058
2390,2026-01-03 16:22:25.000Z,171292,"FR","paid",9708
2391,2026-01-03 16:23:59.000Z,563269,"UK","paid",8866
2392,2026-01-03 16:26:01.000Z,993914,"US","paid",9058
2393,2026-01-03 16:27:23.000Z,602699,"UK","paid",7420
2394,2026-01-03 16:28:49.000Z,453768,"DE","paid",8546
2395,2026-01-03 16:31:07.000Z,611489,"UK","paid",7741
2396,2026-01-03 16:32:37.000Z,872422,"UK","paid",3155
2397,2026-01-03 16:33:39.000Z,556487,"DE","paid",7105
2398,2026-01-03 16:36:05.000Z,583956,"UK","paid",6358
2399,2026-01-03 16:37:39.000Z,275613,"SE","cancelled",3767
2400,2026-01-03 16:39:09.000Z,821906,"SE","paid",8232
2401,2026-01-03 16:40:19.000Z,920099,"UK","paid",2346
2402,2026-01-03 16:42:29.000Z,738272,"UK","paid",4857
2403,2026-01-03 16:44:11.000Z,422137,"SE","paid",5865
2404,2026-01-03 16:45:09.000Z,950398,"FR","paid",4148
2405,2026-01-03 16:47:07.000Z,430879,"US","paid",9600
2406,2026-01-03 16:48:05.000Z,817420,"UK","paid",3288
2407,2026-01-03 16:49:51.000Z,429589,"FR","paid",5046
2408,2026-01-03 16:51:37.000Z,506218,"UK","paid",9793
2409,2026-01-03 16:53:11.000Z,339355,"FR","paid",9531
2410,2026-01-03 16:55:25.000Z,844472,"UK","paid",7699
2411,2026-01-03 16:56:15.000Z,763185,"FR","cancelled",9449
2412,2026-01-03 16:58:33.000Z,895766,"US","paid",7935
2413,2026-01-03 16:59:55.000Z,838391,"US","paid",814
2414,2026-01-03 17:01:29.000Z,313028,"PL","paid",9111
2415,2026-01-03 17:02:47.000Z,349069,"UK","paid",7884
2416,2026-01-03 17:04:37.000Z,815042,"DE","paid",5143
2417,2026-01-03 17:06:39.000Z,129747,"FR","paid",2705
2418,2026-01-03 17:08:09.000Z,492080,"SE","paid",5794
2419,2026-01-03 17:09:15.000Z,170089,"UK","paid",7181
2420,2026-01-03 17:11:05.000Z,634382,"UK","paid",7602
2421,2026-01-03 17:12:47.000Z,715567,"PL","paid",6560
2422,2026-01-03 17:14:33.000Z,446716,"US","refunded",8994
2423,2026-01-03 17:15:55.000Z,768901,"DE","paid",9221
2424,2026-01-03 17:17:17.000Z,777466,"SE","paid",4461
2425,2026-01-03 17:19:19.000Z,942251,"DE","cancelled",2574
2426,2026-01-03 17:21:01.000Z,156136,"PL","paid",7531
2427,2026-01-03 17:22:35.000Z,998593,"DE","paid",1574
2428,2026-01-03 17:24:05.000Z,561126,"UK","paid",5180
2429,2026-01-03 17:26:11.000Z,516935,"PL","cancelled",3557
2430,2026-01-03 17:27:09.000Z,233396,"FR","paid",5059
2431,2026-01-03 17:29:15.000Z,902845,"UK","paid",865
2432,2026-01-03 17:30:41.000Z,360914,"UK","paid",5140
2433,2026-01-03 17:32:31.000Z,576867,"DE","paid",190
2434,2026-01-03 17:33:29.000Z,159168,"DE","paid",9729
2435,2026-01-03 17:35:35.000Z,284057,"UK","paid",2938
2436,2026-01-03 17:36:41.000Z,279646,"US","paid",3105
2437,2026-01-03 17:38:27.000Z,430015,"SE","paid",9674
2438,2026-01-03 17:40:17.000Z,774188,"UK","paid",1776
2439,2026-01-03 17:41:43.000Z,926997,"US","paid",4743
2440,2026-01-03 17:43:21.000Z,987658,"DE","paid",9162
2441,2026-01-03 17:45:19.000Z,179899,"US","paid",4524
2442,2026-01-03 17:46:33.000Z,637016,"FR","paid",3778
2443,2026-01-03 17:48:51.000Z,248977,"US","paid",6898
2444,2026-01-03 17:50:01.000Z,811990,"SE","paid",8317
2445,2026-01-03 17:52:03.000Z,405815,"SE","paid",8410
2446,2026-01-03 17:53:01.000Z,259076,"UK","paid",1098
2447,2026-01-03 17:55:07.000Z,229645,"UK","paid",534
2448,2026-01-03 17:56:21.000Z,290402,"PL","paid",301
2449,2026-01-03 17:57:47.000Z,640371,"US","paid",3072
2450,2026-01-03 17:59:49.000Z,327376,"UK","paid",603
2451,2026-01-03 18:01:43.000Z,825993,"UK","paid",4146
2452,2026-01-03 18:02:49.000Z,418382,"UK","paid",309
2453,2026-01-03 18:04:27.000Z,770223,"UK","paid",6241
2454,2026-01-03 18:06:17.000Z,790396,"SE","paid",8992
2455,2026-01-03 18:07:43.000Z,156485,"PL","cancelled",8862
2456,2026-01-03 18:09:25.000Z,341530,"UK","paid",8211
2457,2026-01-03 18:11:19.000Z,132747,"PL","paid",7467
2458,2026-01-03 18:12:37.000Z,732008,"UK","paid",3915
2459,2026-01-03 18:13:55.000Z,610849,"PL","paid",5494
2460,2026-01-03 18:15:41.000Z,584998,"DE","paid",3387
2461,2026-01-03 18:17:51.000Z,883591,"UK","refunded",4232
2462,2026-01-03 18:18:49.000Z,549172,"US","paid",6752
2463,2026-01-03 18:20:51.000Z,387677,"FR","paid",9138
2464,2026-01-03 18:22:21.000Z,954130,"FR","paid",4471
2465,2026-01-03 18:23:47.000Z,193379,"PL","paid",572
2466,2026-01-03 18:25:41.000Z,918016,"PL","paid",2688
2467,2026-01-03 18:27:07.000Z,363545,"FR","paid",994
2468,2026-01-03 18:28:37.000Z,138238,"SE","paid",4502
2469,2026-01-03 18:30:23.000Z,997567,"UK","paid",3919
2470,2026-01-03 18:32:13.000Z,649580,"DE","paid",2183
2471,2026-01-03 18:34:03.000Z,981333,"SE","paid",7184
2472,2026-01-03 18:35:09.000Z,574922,"PL","paid",2249
2473,2026-01-03 18:37:03.000Z,825019,"SE","paid",349
2474,2026-01-03 18:38:57.000Z,707256,"US","paid",3908
2475,2026-01-03 18:40:07.000Z,559569,"SE","refunded",9022
2476,2026-01-03 18:42:13.000Z,781718,"UK","paid",8698
2477,2026-01-03 18:43:19.000Z,443767,"UK","paid",6248
2478,2026-01-03 18:44:53.000Z,414244,"UK","paid",3080
2479,2026-01-03 18:46:59.000Z,896013,"DE","paid",610
2480,2026-01-03 18:48:05.000Z,312482,"UK","paid",1953
2481,2026-01-03 18:49:27.000Z,618707,"SE","paid",4986
2482,2026-01-03 18:51:37.000Z,992240,"FR","paid",9896
2483,2026-01-03 18:52:55.000Z,234601,"DE","paid",6209
2484,2026-01-03 18:54:37.000Z,970446,"DE","paid",7375
2485,2026-01-03 18:56:43.000Z,819695,"UK","paid",5194
2486,2026-01-03 18:57:37.000Z,826972,"UK","paid",3341
2487,2026-01-03 18:59:47.000Z,296005,"UK","paid",5294
2488,2026-01-03 19:00:41.000Z,110202,"FR","paid",8084
2489,2026-01-03 19:02:27.000Z,805611,"UK","paid",2843
2490,2026-01-03 19:04:09.000Z,887336,"UK","paid",9910
2491,2026-01-03 19:05:39.000Z,532129,"UK","paid",3033
2492,2026-01-03 19:08:01.000Z,893254,"PL","paid",2074
2493,2026-01-03 19:09:31.000Z,357447,"UK","paid",2882
2494,2026-01-03 19:11:17.000Z,404436,"SE","paid",2747
2495,2026-01-03 19:12:11.000Z,235613,"US","paid",9310
2496,2026-01-03 19:14:21.000Z,272786,"US","paid",8816
2497,2026-01-03 19:15:47.000Z,806115,"UK","paid",6774
2498,2026-01-03 19:16:57.000Z,357408,"UK","paid",4186
2499,2026-01-03 19:18:31.000Z,628185,"US","paid",9736
2500,2026-01-03 19:20:17.000Z,228894,"UK","cancelled",6257
2501,2026-01-03 19:22:23.000Z,971423,"FR","paid",1662
2502,2026-01-03 19:23:49.000Z,208812,"PL","paid",3905
2503,2026-01-03 19:25:07.000Z,495413,"UK","paid",4464
2504,2026-01-03 19:26:57.000Z,497226,"UK","cancelled",6152
2505,2026-01-03 19:28:15.000Z,428987,"UK","paid",236
2506,2026-01-03 19:30:25.000Z,247160,"SE","paid",4296
2507,2026-01-03 19:31:55.000Z,640753,"UK","paid",1473
2508,2026-01-03 19:33:01.000Z,272022,"FR","paid",310
2509,2026-01-03 19:34:59.000Z,188823,"FR","paid",7785
2510,2026-01-03 19:37:01.000Z,566788,"DE","paid",7793
2511,2026-01-03 19:37:55.000Z,344685,"PL","paid",8386
2512,2026-01-03 19:40:13.000Z,864866,"UK","paid",8805
2513,2026-01-03 19:41:19.000Z,349555,"UK","paid",8848
2514,2026-01-03 19:43:29.000Z,189808,"US","paid",4087
2515,2026-01-03 19:44:43.000Z,599945,"PL","paid",1064
2516,2026-01-03 19:46:37.000Z,318382,"PL","paid",248
2517,2026-01-03 19:48:15.000Z,111983,"DE","paid",8317
2518,2026-01-03 19:49:41.000Z,629532,"FR","paid",6269
2519,2026-01-03 19:51:31.000Z,490405,"UK","paid",4182
2520,2026-01-03 19:52:49.000Z,401466,"US","cancelled",584
2521,2026-01-03 19:54:59.000Z,887019,"UK","paid",5758
2522,2026-01-03 19:56:33.000Z,216456,"DE","paid",6133
2523,2026-01-03 19:57:23.000Z,521089,"UK","paid",528
2524,2026-01-03 19:59:29.000Z,638118,"UK","paid",8283
2525,2026-01-03 20:01:27.000Z,259719,"DE","paid",4203
2526,2026-01-03 20:02:49.000Z,251604,"UK","refunded",8242
2527,2026-01-03 20:03:59.000Z,585117,"SE","paid",165
2528,2026-01-03 20:05:25.000Z,696466,"SE","paid",2681
2529,2026-01-03 20:07:23.000Z,546307,"UK","refunded",8887
2530,2026-01-03 20:08:33.000Z,308320,"UK","paid",3079
2531,2026-01-03 20:10:19.000Z,453049,"SE","paid",3098
2532,2026-01-03 20:12:01.000Z,755454,"FR","paid",1611
2533,2026-01-03 20:13:47.000Z,575103,"US","paid",5025
2534,2026-01-03 20:15:45.000Z,314604,"UK","paid",8363
2535,2026-01-03 20:17:11.000Z,705013,"FR","paid",6739
2536,2026-01-03 20:19:01.000Z,894026,"UK","paid",7506
2537,2026-01-03 20:20:51.000Z,457179,"FR","paid",4543
2538,2026-01-03 20:22:17.000Z,320728,"UK","paid",8744
2539,2026-01-03 20:23:19.000Z,896753,"FR","paid",2194
2540,2026-01-03 20:25:41.000Z,402038,"US","refunded",8069
2541,2026-01-03 20:26:35.000Z,514135,"US","paid",8134
2542,2026-01-03 20:28:49.000Z,535172,"PL","paid",921
2543,2026-01-03 20:29:35.000Z,688781,"UK","paid",2180
2544,2026-01-03 20:31:37.000Z,925026,"DE","paid",8487
2545,2026-01-03 20:32:51.000Z,561523,"FR","paid",3104
2546,2026-01-03 20:34:25.000Z,529840,"SE","paid",9037
2547,2026-01-03 20:36:19.000Z,268137,"UK","paid",8281
2548,2026-01-03 20:38:29.000Z,925710,"UK","paid",3448
2549,2026-01-03 20:39:59.000Z,431663,"PL","refunded",2167
2550,2026-01-03 20:41:49.000Z,134076,"US","paid",5975
2551,2026-01-03 20:43:11.000Z,391941,"DE","paid",9860
2552,2026-01-03 20:44:13.000Z,925306,"SE","paid",3316
2553,2026-01-03 20:46:03.000Z,316139,"DE","paid",8120
2554,2026-01-03 20:47:33.000Z,353032,"PL","paid",9666
2555,2026-01-03 20:49:31.000Z,643873,"DE","paid",8141
2556,2026-01-03 20:51:05.000Z,121990,"UK","paid",5816
2557,2026-01-03 20:52:35.000Z,199143,"PL","paid",3210
2558,2026-01-03 20:53:49.000Z,991540,"FR","refunded",9519
2559,2026-01-03 20:55:35.000Z,856669,"UK","paid",9683
2560,2026-01-03 20:57:45.000Z,898642,"UK","paid",8997
2561,2026-01-03 20:59:27.000Z,541827,"DE","paid",1143
2562,2026-01-03 21:00:49.000Z,308352,"DE","refunded",4067
2563,2026-01-03 21:02:51.000Z,420697,"UK","refunded",8339
2564,2026-01-03 21:04:17.000Z,706526,"US","paid",8413
2565,2026-01-03 21:06:07.000Z,454239,"SE","paid",4798
2566,2026-01-03 21:07:25.000Z,227180,"UK","paid",9099
2567,2026-01-03 21:08:39.000Z,662517,"US","paid",2213
2568,2026-01-03 21:10:33.000Z,564074,"DE","paid",3322
2569,2026-01-03 21:11:47.000Z,871611,"US","paid",7864
2570,2026-01-03 21:13:25.000Z,263992,"FR","paid",8842
2571,2026-01-03 21:15:19.000Z,322929,"US","cancelled",2847
2572,2026-01-03 21:16:37.000Z,175670,"SE","cancelled",2299
2573,2026-01-03 21:18:11.000Z,496727,"SE","cancelled",3037
2574,2026-01-03 21:20:01.000Z,984420,"UK","paid",1108
2575,2026-01-03 21:21:23.000Z,707085,"UK","paid",8898
2576,2026-01-03 21:23:49.000Z,662434,"PL","paid",9733
2577,2026-01-03 21:25:31.000Z,479859,"US","paid",143
2578,2026-01-03 21:26:33.000Z,843184,"UK","paid",9935
2579,2026-01-03 21:28:35.000Z,509129,"UK","paid",2173
2580,2026-01-03 21:29:45.000Z,273422,"UK","paid",7526
2581,2026-01-03 21:31:07.000Z,699887,"UK","paid",4456
2582,2026-01-03 21:33:13.000Z,457756,"SE","paid",2173
2583,2026-01-03 21:35:03.000Z,985829,"PL","paid",5125
2584,2026-01-03 21:36:01.000Z,552890,"UK","paid",2186
2585,2026-01-03 21:37:51.000Z,543243,"PL","paid",8861
2586,2026-01-03 21:39:17.000Z,219112,"UK","paid",5998
2587,2026-01-03 21:41:39.000Z,625057,"PL","paid",8929
2588,2026-01-03 21:42:29.000Z,566630,"DE","paid",1432
2589,2026-01-03 21:44:07.000Z,521031,"UK","paid",6277
2590,2026-01-03 21:46:01.000Z,771668,"US","paid",6024
2591,2026-01-03 21:47:43.000Z,254653,"FR","paid",3468
2592,2026-01-03 21:49:01.000Z,346674,"FR","refunded",9924
2593,2026-01-03 21:50:39.000Z,564355,"PL","paid",5421
2594,2026-01-03 21:52:21.000Z,699840,"PL","paid",466
2595,2026-01-03 21:54:31.000Z,688473,"FR","paid",6223
2596,2026-01-03 21:55:57.000Z,722782,"SE","paid",8893
2597,2026-01-03 21:57:47.000Z,840095,"UK","paid",4367
2598,2026-01-03 21:58:49.000Z,220620,"DE","paid",2094
2599,2026-01-03 22:00:47.000Z,669621,"SE","paid",7461
2600,2026-01-03 22:01:57.000Z,732714,"PL","paid",166
2601,2026-01-03 22:03:55.000Z,361755,"SE","paid",2333
2602,2026-01-03 22:05:45.000Z,719608,"US","paid",2128
2603,2026-01-03 22:06:43.000Z,922129,"SE","paid",8819
2604,2026-01-03 22:08:13.000Z,897942,"UK","paid",8045
2605,2026-01-03 22:10:07.000Z,850199,"UK","paid",9495
2606,2026-01-03 22:11:45.000Z,495300,"UK","paid",7162
2607,2026-01-03 22:13:43.000Z,511341,"DE","paid",4202
2608,2026-01-03 22:15:05.000Z,307746,"UK","cancelled",9377
2609,2026-01-03 22:16:59.000Z,924563,"SE","paid",9065
2610,2026-01-03 22:18:13.000Z,450960,"FR","paid",7399
2611,2026-01-03 22:20:19.000Z,284009,"DE","paid",9969
2612,2026-01-03 22:21:29.000Z,278222,"DE","paid",6608
2613,2026-01-03 22:23:39.000Z,908975,"UK","paid",3004
2614,2026-01-03 22:24:49.000Z,215228,"UK","paid",6498
2615,2026-01-03 22:26:31.000Z,173893,"UK","paid",321
2616,2026-01-03 22:28:09.000Z,331034,"FR","paid",3791
2617,2026-01-03 22:29:19.000Z,447947,"UK","paid",1977
2618,2026-01-03 22:31:05.000Z,127016,"UK","paid",5949
2619,2026-01-03 22:33:03.000Z,413057,"UK","paid",9988
2620,2026-01-03 22:34:13.000Z,911270,"PL","paid",7522
2621,2026-01-03 22:36:31.000Z,507271,"UK","paid",1431
2622,2026-01-03 22:38:09.000Z,804212,"SE","refunded",8299
2623,2026-01-03 22:39:43.000Z,865469,"US","paid",6020
2624,2026-01-03 22:40:41.000Z,683570,"US","paid",8310
2625,2026-01-03 22:42:31.000Z,598563,"UK","paid",8555
2626,2026-01-03 22:43:49.000Z,431744,"UK","paid",1436
2627,2026-01-03 22:45:55.000Z,172153,"US","paid",9806
2628,2026-01-03 22:47:01.000Z,229662,"UK","paid",9892
2629,2026-01-03 22:48:51.000Z,251455,"FR","paid",7335
2630,2026-01-03 22:50:57.000Z,933804,"PL","paid",4328
2631,2026-01-03 22:52:35.000Z,393685,"UK","paid",8445
2632,2026-01-03 22:53:57.000Z,635530,"UK","paid",3841
2633,2026-01-03 22:55:51.000Z,446427,"UK","paid",4844
2634,2026-01-03 22:57:29.000Z,434968,"SE","paid",4453
2635,2026-01-03 22:58:31.000Z,755633,"UK","refunded",8289
2636,2026-01-03 23:00:25.000Z,209590,"FR","paid",4421
2637,2026-01-03 23:02:15.000Z,492023,"FR","paid",5541
2638,2026-01-03 23:04:05.000Z,944196,"DE","paid",2587
2639,2026-01-03 23:05:15.000Z,813549,"PL","paid",794
2640,2026-01-03 23:06:29.000Z,467266,"UK","cancelled",5144
2641,2026-01-03 23:08:23.000Z,877683,"UK","paid",5159
2642,2026-01-03 23:10:17.000Z,546320,"US","paid",9643
2643,2026-01-03 23:11:31.000Z,912297,"PL","paid",2087
2644,2026-01-03 23:13:21.000Z,406990,"PL","paid",1273
2645,2026-01-03 23:14:43.000Z,804175,"DE","paid",7299
2646,2026-01-03 23:16:17.000Z,918652,"FR","paid",2910
2647,2026-01-03 23:18:27.000Z,456325,"UK","paid",5701
2648,2026-01-03 23:19:53.000Z,216794,"US","paid",4067
2649,2026-01-03 23:21:35.000Z,504619,"UK","paid",7876
2650,2026-01-03 23:22:33.000Z,293800,"DE","paid",8955
2651,2026-01-03 23:25:03.000Z,431073,"UK","paid",1618
2652,2026-01-03 23:26:13.000Z,847206,"UK","paid",864
2653,2026-01-03 23:28:11.000Z,594567,"DE","paid",5796
2654,2026-01-03 23:29:17.000Z,447956,"UK","paid",450
2655,2026-01-03 23:30:55.000Z,708477,"SE","cancelled",499
2656,2026-01-03 23:32:41.000Z,746226,"SE","paid",5831
2657,2026-01-03 23:33:55.000Z,507523,"UK","paid",3576
2658,2026-01-03 23:36:17.000Z,241408,"UK","paid",4340
2659,2026-01-03 23:37:11.000Z,627705,"SE","paid",7096
2660,2026-01-03 23:39:21.000Z,870078,"FR","paid",4083
2661,2026-01-03 23:40:39.000Z,643679,"US","paid",8861
2662,2026-01-03 23:42:01.000Z,168524,"UK","paid",6754
2663,2026-01-03 23:44:19.000Z,102325,"FR","paid",8360
2664,2026-01-03 23:45:21.000Z,951050,"UK","paid",415
2665,2026-01-03 23:47:31.000Z,722843,"FR","paid",8795
2666,2026-01-03 23:48:53.000Z,364088,"UK","paid",7912
2667,2026-01-03 23:50:23.000Z,808561,"FR","paid",3579
2668,2026-01-03 23:52:01.000Z,668822,"US","paid",5876
2669,2026-01-03 23:54:07.000Z,227191,"US","paid",9025
2670,2026-01-03 23:55:21.000Z,239588,"PL","paid",963
2671,2026-01-03 23:56:59.000Z,540429,"UK","paid",1793
2672,2026-01-03 23:58:33.000Z,741186,"DE","cancelled",3487
2673,2026-01-04 00:00:11.000Z,999667,"FR","paid",9511
2674,2026-01-04 00:02:09.000Z,594448,"SE","paid",2769
2675,2026-01-04 00:03:43.000Z,253705,"UK","paid",3101
2676,2026-01-04 00:04:57.000Z,313262,"UK","cancelled",4337
2677,2026-01-04 00:06:59.000Z,134607,"PL","paid",7661
2678,2026-01-04 00:07:53.000Z,594044,"US","cancelled",7504
2679,2026-01-04 00:09:59.000Z,433573,"DE","paid",9151
2680,2026-01-04 00:11:33.000Z,710170,"SE","cancelled",8914
2681,2026-01-04 00:13:31.000Z,416971,"DE","paid",2430
2682,2026-01-04 00:15:05.000Z,275848,"PL","paid",1420
2683,2026-01-04 00:15:55.000Z,593441,"DE","paid",7235
2684,2026-01-04 00:18:17.000Z,483206,"UK","refunded",3464
2685,2026-01-04 00:19:23.000Z,805255,"PL","paid",9488
2686,2026-01-04 00:21:29.000Z,326484,"FR","cancelled",7379
2687,2026-01-04 00:22:31.000Z,852349,"UK","paid",8337
2688,2026-01-04 00:24:45.000Z,647186,"UK","paid",5051
2689,2026-01-04 00:26:03.000Z,932707,"DE","paid",9515
2690,2026-01-04 00:27:29.000Z,121856,"DE","refunded",3824
2691,2026-01-04 00:29:31.000Z,685881,"UK","paid",8905
2692,2026-01-04 00:30:37.000Z,789950,"US","paid",6684
2693,2026-01-04 00:32:19.000Z,543295,"SE","paid",3915
2694,2026-01-04 00:34:13.000Z,591372,"UK","paid",1522
2695,2026-01-04 00:35:51.000Z,245173,"US","paid",9898
2696,2026-01-04 00:37:09.000Z,284394,"DE","paid",5307
2697,2026-01-04 00:39:19.000Z,750267,"US","paid",3468
2698,2026-01-04 00:40:37.000Z,549368,"FR","paid",2707
2699,2026-01-04 00:42:03.000Z,740817,"US","paid",9912
2700,2026-01-04 00:44:13.000Z,185910,"SE","refunded",1142
2701,2026-01-04 00:45:15.000Z,529975,"SE","paid",480
2702,2026-01-04 00:47:21.000Z,820164,"UK","paid",8818
2703,2026-01-04 00:48:27.000Z,286253,"UK","paid",6930
2704,2026-01-04 00:50:37.000Z,205346,"PL","refunded",1844
2705,2026-01-04 00:51:35.000Z,280307,"US","paid",8574
2706,2026-01-04 00:54:01.000Z,299856,"UK","paid",9350
2707,2026-01-04 00:54:47.000Z,410025,"UK","paid",161
2708,2026-01-04 00:56:29.000Z,800750,"UK","refunded",5372
2709,2026-01-04 00:58:39.000Z,453263,"UK","paid",4942
2710,2026-01-04 01:00:29.000Z,981276,"SE","refunded",9114
2711,2026-01-04 01:01:15.000Z,939045,"PL","paid",6720
2712,2026-01-04 01:02:57.000Z,405050,"UK","paid",3261
2713,2026-01-04 01:04:55.000Z,416171,"PL","paid",8547
2714,2026-01-04 01:06:53.000Z,768872,"UK","paid",6217
2715,2026-01-04 01:07:43.000Z,221985,"PL","paid",4584
2716,2026-01-04 01:09:53.000Z,847398,"DE","cancelled",892
2717,2026-01-04 01:11:19.000Z,516487,"UK","paid",2019
2718,2026-01-04 01:13:25.000Z,277236,"US","paid",6928
2719,2026-01-04 01:14:59.000Z,266013,"FR","paid",8803
2720,2026-01-04 01:16:13.000Z,476530,"FR","paid",6950
2721,2026-01-04 01:17:43.000Z,761283,"PL","paid",1282
2722,2026-01-04 01:19:05.000Z,389088,"PL","paid",887
2723,2026-01-04 01:21:03.000Z,268569,"FR","paid",9661
2724,2026-01-04 01:22:57.000Z,101726,"SE","refunded",184
2725,2026-01-04 01:23:59.000Z,846111,"UK","paid",9544
2726,2026-01-04 01:26:21.000Z,482796,"DE","paid",3021
2727,2026-01-04 01:27:19.000Z,972117,"SE","paid",3287
2728,2026-01-04 01:28:41.000Z,650922,"PL","paid",3479
2729,2026-01-04 01:31:07.000Z,950011,"SE","paid",3737
2730,2026-01-04 01:32:01.000Z,288888,"US","paid",6017
2731,2026-01-04 01:34:19.000Z,687089,"SE","paid",5915
2732,2026-01-04 01:35:13.000Z,772246,"UK","paid",3971
2733,2026-01-04 01:36:51.000Z,162167,"UK","paid",259
2734,2026-01-04 01:38:29.000Z,738468,"UK","paid",5416
2735,2026-01-04 01:40:47.000Z,827309,"DE","paid",5535
2736,2026-01-04 01:41:37.000Z,613122,"UK","paid",5973
2737,2026-01-04 01:43:43.000Z,936851,"SE","paid",6136
2738,2026-01-04 01:44:53.000Z,506384,"FR","refunded",9227
2739,2026-01-04 01:47:23.000Z,190537,"DE","paid",4049
2740,2026-01-04 01:48:41.000Z,808878,"DE","paid",7422
2741,2026-01-04 01:50:11.000Z,449711,"UK","paid",1451
2742,2026-01-04 01:51:49.000Z,501372,"UK","paid",8083
2743,2026-01-04 01:52:59.000Z,288165,"UK","paid",3853
2744,2026-01-04 01:54:49.000Z,154618,"FR","paid",2210
2745,2026-01-04 01:56:27.000Z,946379,"UK","paid",4187
2746,2026-01-04 01:58:41.000Z,740616,"UK","paid",4308
2747,2026-01-04 01:59:43.000Z,996961,"UK","paid",3699
2748,2026-01-04 02:01:21.000Z,685382,"PL","paid",4147
2749,2026-01-04 02:03:19.000Z,658343,"UK","paid",4469
2750,2026-01-04 02:04:21.000Z,251508,"SE","paid",9071
2751,2026-01-04 02:06:15.000Z,716765,"US","paid",871
2752,2026-01-04 02:08:21.000Z,783634,"US","paid",3084
2753,2026-01-04 02:10:03.000Z,558819,"UK","paid",9484
2754,2026-01-04 02:11:17.000Z,531136,"UK","paid",4121
2755,2026-01-04 02:13:07.000Z,756089,"US","paid",6384
2756,2026-01-04 02:14:25.000Z,904510,"UK","paid",9008
2757,2026-01-04 02:16:27.000Z,735455,"FR","paid",3415
2758,2026-01-04 02:17:57.000Z,120748,"PL","paid",7864
2759,2026-01-04 02:19:27.000Z,815061,"UK","paid",7950
2760,2026-01-04 02:21:13.000Z,925290,"UK","paid",166
2761,2026-01-04 02:22:15.000Z,805435,"UK","paid",560
2762,2026-01-04 02:24:29.000Z,187352,"SE","paid",1365
2763,2026-01-04 02:25:31.000Z,922257,"UK","paid",4570
2764,2026-01-04 02:27:29.000Z,607638,"FR","paid",2811
2765,2026-01-04 02:28:39.000Z,589431,"FR","paid",9544
2766,2026-01-04 02:30:53.000Z,944548,"DE","paid",1745
2767,2026-01-04 02:31:59.000Z,589197,"PL","paid",5406
2768,2026-01-04 02:33:33.000Z,660834,"UK","paid",1892
2769,2026-01-04 02:35:43.000Z,983187,"UK","paid",225
2770,2026-01-04 02:37:01.000Z,162608,"US","paid",554
2771,2026-01-04 02:38:59.000Z,512009,"PL","paid",9571
2772,2026-01-04 02:40:09.000Z,594542,"PL","paid",9262
2773,2026-01-04 02:41:35.000Z,617391,"DE","paid",126
2774,2026-01-04 02:43:21.000Z,472860,"FR","paid",6779
2775,2026-01-04 02:45:11.000Z,996613,"UK","paid",3428
2776,2026-01-04 02:47:05.000Z,538650,"US","paid",718
2777,2026-01-04 02:48:15.000Z,613803,"UK","paid",2798
2778,2026-01-04 02:50:09.000Z,381800,"DE","paid",2814
2779,2026-01-04 02:51:59.000Z,406113,"UK","paid",8545
2780,2026-01-04 02:53:09.000Z,227526,"UK","paid",9236
2781,2026-01-04 02:55:07.000Z,281127,"DE","paid",9261
2782,2026-01-04 02:56:25.000Z,481748,"UK","paid",5598
2783,2026-01-04 02:57:39.000Z,155805,"SE","paid",342
2784,2026-01-04 02:59:45.000Z,128114,"SE","paid",4049
2785,2026-01-04 03:01:31.000Z,769283,"UK","paid",1629
2786,2026-01-04 03:03:05.000Z,275360,"UK","paid",9086
2787,2026-01-04 03:04:27.000Z,885305,"SE","paid",1158
2788,2026-01-04 03:06:33.000Z,963934,"FR","paid",5046
2789,2026-01-04 03:08:03.000Z,298527,"US","paid",3430
2790,2026-01-04 03:09:09.000Z,797036,"UK","refunded",5197
2791,2026-01-04 03:11:15.000Z,706165,"FR","paid",1149
2792,2026-01-04 03:12:29.000Z,776042,"UK","paid",9331
2793,2026-01-04 03:14:07.000Z,411003,"FR","paid",1822
2794,2026-01-04 03:15:49.000Z,837848,"UK","paid",9981
2795,2026-01-04 03:17:19.000Z,563281,"FR","paid",1236
2796,2026-01-04 03:18:53.000Z,423958,"US","paid",9894
2797,2026-01-04 03:20:47.000Z,497655,"US","paid",865
2798,2026-01-04 03:22:33.000Z,869604,"PL","paid",505
2799,2026-01-04 03:24:19.000Z,397773,"UK","paid",1881
2800,2026-01-04 03:25:21.000Z,404098,"DE","paid",5799
2801,2026-01-04 03:26:47.000Z,844307,"FR","paid",5794
2802,2026-01-04 03:29:09.000Z,674672,"SE","paid",5997
2803,2026-01-04 03:30:07.000Z,965993,"UK","paid",4640
2804,2026-01-04 03:32:01.000Z,350350,"UK","paid",3342
2805,2026-01-04 03:33:23.000Z,553615,"PL","paid",4540
2806,2026-01-04 03:34:53.000Z,360828,"US","paid",930
2807,2026-01-04 03:36:35.000Z,445733,"DE","paid",7410
2808,2026-01-04 03:38:01.000Z,147162,"SE","paid",2881
2809,2026-01-04 03:39:39.000Z,519403,"DE","paid",4640
2810,2026-01-04 03:41:13.000Z,687880,"PL","paid",7371
2811,2026-01-04 03:43:23.000Z,744673,"DE","paid",7114
2812,2026-01-04 03:45:09.000Z,456262,"UK","paid",6253
2813,2026-01-04 03:46:15.000Z,406311,"PL","refunded",8629
2814,2026-01-04 03:48:13.000Z,330612,"FR","paid",1043
2815,2026-01-04 03:50:07.000Z,316349,"UK","paid",2712
2816,2026-01-04 03:51:13.000Z,396178,"UK","paid",293
2817,2026-01-04 03:53:27.000Z,249635,"DE","paid",9176
2818,2026-01-04 03:54:53.000Z,237504,"DE","paid",9446
2819,2026-01-04 03:56:23.000Z,202457,"UK","paid",7323
2820,2026-01-04 03:57:41.000Z,848638,"US","refunded",2539
2821,2026-01-04 03:59:23.000Z,359103,"SE","paid",9143
2822,2026-01-04 04:00:49.000Z,400972,"UK","paid",5993
2823,2026-01-04 04:02:27.000Z,943253,"US","paid",8727
2824,2026-01-04 04:04:09.000Z,331018,"DE","paid",5816
2825,2026-01-04 04:06:15.000Z,241467,"US","paid",9236
2826,2026-01-04 04:07:21.000Z,205496,"FR","paid",1284
2827,2026-01-04 04:09:11.000Z,834609,"US","paid",5000
2828,2026-01-04 04:11:09.000Z,470550,"SE","paid",3484
2829,2026-01-04 04:12:31.000Z,125655,"SE","paid",8016
2830,2026-01-04 04:13:57.000Z,875044,"UK","cancelled",7244
2831,2026-01-04 04:15:47.000Z,444557,"UK","paid",9178
2832,2026-01-04 04:17:33.000Z,776066,"PL","paid",2604
2833,2026-01-04 04:18:35.000Z,907251,"US","paid",3981
2834,2026-01-04 04:20:45.000Z,318864,"UK","paid",8782
2835,2026-01-04 04:22:15.000Z,635177,"UK","paid",385
2836,2026-01-04 04:23:17.000Z,686382,"UK","paid",7541
2837,2026-01-04 04:25:15.000Z,508623,"UK","paid",333
2838,2026-01-04 04:27:13.000Z,895164,"SE","paid",7263
2839,2026-01-04 04:28:11.000Z,217125,"PL","paid",5300
2840,2026-01-04 04:30:05.000Z,896762,"UK","paid",2548
2841,2026-01-04 04:32:19.000Z,742539,"PL","paid",6273
2842,2026-01-04 04:33:01.000Z,444584,"UK","paid",9347
2843,2026-01-04 04:34:51.000Z,282657,"PL","paid",302
2844,2026-01-04 04:36:21.000Z,238790,"DE","paid",9896
2845,2026-01-04 04:38:07.000Z,740999,"UK","paid",7396
2846,2026-01-04 04:40:05.000Z,258260,"US","paid",1968
2847,2026-01-04 04:41:35.000Z,664573,"FR","paid",1737
2848,2026-01-04 04:43:37.000Z,416978,"FR","paid",2128
2849,2026-01-04 04:44:59.000Z,100643,"PL","paid",2135
2850,2026-01-04 04:46:09.000Z,539936,"PL","paid",4809
2851,2026-01-04 04:47:31.000Z,926681,"FR","paid",4095
2852,2026-01-04 04:50:01.000Z,644734,"SE","paid",1560
2853,2026-01-04 04:51:27.000Z,761183,"UK","paid",1356
2854,2026-01-04 04:52:33.000Z,619372,"DE","paid",3448
2855,2026-01-04 04:54:47.000Z,457109,"SE","paid",5288
2856,2026-01-04 04:56:13.000Z,428298,"PL","paid",3300
2857,2026-01-04 04:57:51.000Z,231739,"SE","paid",3072
2858,2026-01-04 04:59:29.000Z,262040,"US","paid",137
2859,2026-01-04 05:00:31.000Z,651825,"SE","paid",8568
2860,2026-01-04 05:02:25.000Z,848822,"UK","paid",5429
2861,2026-01-04 05:04:03.000Z,867063,"UK","paid",4790
2862,2026-01-04 05:05:17.000Z,619780,"UK","cancelled",9734
2863,2026-01-04 05:07:15.000Z,370381,"DE","paid",591
2864,2026-01-04 05:09:29.000Z,385538,"UK","paid",7809
2865,2026-01-04 05:10:31.000Z,788403,"SE","paid",691
2866,2026-01-04 05:11:45.000Z,729040,"FR","paid",6746
2867,2026-01-04 05:13:47.000Z,793385,"DE","paid",1448
2868,2026-01-04 05:15:29.000Z,348430,"DE","paid",3711
2869,2026-01-04 05:16:47.000Z,987471,"UK","paid",2241
2870,2026-01-04 05:18:53.000Z,303260,"UK","paid",4932
2871,2026-01-04 05:20:19.000Z,107109,"UK","paid",6716
2872,2026-01-04 05:21:33.000Z,579706,"FR","paid",4353
2873,2026-01-04 05:23:47.000Z,675563,"UK","refunded",8809
2874,2026-01-04 05:24:49.000Z,958728,"UK","paid",8938
2875,2026-01-04 05:26:23.000Z,464865,"UK","cancelled",1909
2876,2026-01-04 05:28:45.000Z,743430,"PL","refunded",487
2877,2026-01-04 05:30:11.000Z,430759,"UK","paid",9370
2878,2026-01-04 05:31:13.000Z,106004,"SE","paid",6644
2879,2026-01-04 05:33:07.000Z,283261,"US","paid",8821
2880,2026-01-04 05:35:01.000Z,546258,"US","paid",9618
2881,2026-01-04 05:36:15.000Z,819715,"UK","paid",4153
2882,2026-01-04 05:37:53.000Z,477056,"UK","paid",2375
2883,2026-01-04 05:39:47.000Z,519193,"US","paid",2570
2884,2026-01-04 05:40:53.000Z,123102,"UK","cancelled",6987
2885,2026-01-04 05:42:47.000Z,452639,"FR","paid",1100
2886,2026-01-04 05:44:41.000Z,636556,"PL","paid",2683
2887,2026-01-04 05:45:59.000Z,411477,"UK","paid",3296
2888,2026-01-04 05:47:45.000Z,648906,"UK","paid",5626
2889,2026-01-04 05:49:15.000Z,697019,"UK","cancelled",6932
2890,2026-01-04 05:51:01.000Z,267608,"SE","paid",9710
2891,2026-01-04 05:52:39.000Z,221649,"UK","paid",8059
2892,2026-01-04 05:54:41.000Z,277654,"FR","refunded",3609
2893,2026-01-04 05:55:43.000Z,268439,"FR","paid",6448
2894,2026-01-04 05:57:37.000Z,943876,"DE","cancelled",7259
2895,2026-01-04 05:58:43.000Z,332685,"PL","paid",6658
2896,2026-01-04 06:00:57.000Z,435202,"UK","paid",6040
2897,2026-01-04 06:02:03.000Z,715251,"UK","paid",8852
2898,2026-01-04 06:03:29.000Z,827440,"US","paid",5730
2899,2026-01-04 06:05:55.000Z,321929,"PL","paid",6403
2900,2026-01-04 06:07:09.000Z,383406,"PL","paid",8624
2901,2026-01-04 06:08:27.000Z,280847,"DE","paid",7892
2902,2026-01-04 06:10:53.000Z,442716,"FR","paid",5636
2903,2026-01-04 06:11:51.000Z,679557,"UK","paid",7991
2904,2026-01-04 06:13:25.000Z,649434,"US","cancelled",1037
2905,2026-01-04 06:15:47.000Z,405579,"UK","paid",172
2906,2026-01-04 06:17:05.000Z,427400,"DE","paid",1972
2907,2026-01-04 06:18:47.000Z,343585,"UK","paid",9764
2908,2026-01-04 06:19:53.000Z,374214,"UK","paid",1516
2909,2026-01-04 06:21:55.000Z,990439,"DE","paid",839
2910,2026-01-04 06:23:25.000Z,729012,"UK","paid",5878
2911,2026-01-04 06:24:31.000Z,320861,"SE","refunded",4752
2912,2026-01-04 06:26:41.000Z,866354,"SE","paid",2679
2913,2026-01-04 06:28:27.000Z,815363,"UK","paid",6302
2914,2026-01-04 06:29:37.000Z,315296,"UK","paid",7036
2915,2026-01-04 06:31:11.000Z,515993,"SE","paid",6948
2916,2026-01-04 06:33:01.000Z,706686,"FR","paid",7885
2917,2026-01-04 06:34:27.000Z,185215,"US","paid",338
2918,2026-01-04 06:36:09.000Z,650700,"UK","cancelled",1352
2919,2026-01-04 06:38:23.000Z,352117,"FR","paid",4810
2920,2026-01-04 06:39:17.000Z,467754,"UK","paid",5568
2921,2026-01-04 06:40:43.000Z,679963,"FR","paid",2350
2922,2026-01-04 06:42:41.000Z,705304,"UK","paid",9826
2923,2026-01-04 06:44:43.000Z,958289,"FR","paid",3420
2924,2026-01-04 06:45:45.000Z,278934,"US","paid",8452
2925,2026-01-04 06:48:07.000Z,212919,"US","paid",9904
2926,2026-01-04 06:49:21.000Z,833956,"PL","paid",2363
2927,2026-01-04 06:50:47.000Z,670925,"UK","paid",7917
2928,2026-01-04 06:52:57.000Z,954338,"DE","paid",1379
2929,2026-01-04 06:54:15.000Z,960979,"FR","paid",7169
2930,2026-01-04 06:55:49.000Z,508336,"SE","paid",9264
2931,2026-01-04 06:57:11.000Z,544201,"UK","paid",6100
2932,2026-01-04 06:58:49.000Z,539342,"UK","paid",4672
2933,2026-01-04 07:00:31.000Z,450607,"PL","paid",4822
2934,2026-01-04 07:01:57.000Z,668636,"US","paid",3299
2935,2026-01-04 07:03:23.000Z,964005,"DE","paid",4541
2936,2026-01-04 07:05:29.000Z,235034,"SE","paid",6028
2937,2026-01-04 07:07:23.000Z,798091,"DE","paid",4186
2938,2026-01-04 07:08:41.000Z,636072,"PL","paid",2182
2939,2026-01-04 07:10:39.000Z,178593,"DE","paid",5721
2940,2026-01-04 07:12:01.000Z,568998,"UK","paid",2921
2941,2026-01-04 07:13:19.000Z,338759,"PL","paid",8323
2942,2026-01-04 07:14:57.000Z,312660,"FR","paid",3228
2943,2026-01-04 07:16:35.000Z,558781,"UK","paid",8178
2944,2026-01-04 07:18:13.000Z,369842,"UK","cancelled",9967
2945,2026-01-04 07:19:31.000Z,425443,"DE","paid",4617
2946,2026-01-04 07:21:49.000Z,644064,"DE","paid",340
2947,2026-01-04 07:23:07.000Z,709625,"UK","paid",6692
2948,2026-01-04 07:25:09.000Z,719550,"US","paid",8439
2949,2026-01-04 07:26:47.000Z,547231,"SE","cancelled",2392
2950,2026-01-04 07:28:21.000Z,890188,"UK","paid",9860
2951,2026-01-04 07:29:51.000Z,592341,"US","refunded",8504
2952,2026-01-04 07:31:09.000Z,635402,"DE","paid",6685
2953,2026-01-04 07:33:15.000Z,252571,"US","paid",5528
2954,2026-01-04 07:34:29.000Z,162968,"FR","paid",8524
2955,2026-01-04 07:36:11.000Z,418033,"US","paid",6681
2956,2026-01-04 07:37:53.000Z,741078,"SE","cancelled",7554
2957,2026-01-04 07:39:47.000Z,138455,"SE","paid",1571
2958,2026-01-04 07:40:53.000Z,541444,"UK","paid",8690
2959,2026-01-04 07:42:35.000Z,692109,"UK","paid",1315
2960,2026-01-04 07:44:17.000Z,547874,"PL","paid",8692
2961,2026-01-04 07:45:47.000Z,944467,"US","paid",9420
2962,2026-01-04 07:47:25.000Z,805328,"UK","paid",7850
2963,2026-01-04 07:49:31.000Z,140137,"UK","paid",6357
2964,2026-01-04 07:50:33.000Z,499982,"UK","paid",7518
2965,2026-01-04 07:52:39.000Z,778831,"UK","paid",1411
2966,2026-01-04 07:53:33.000Z,533628,"SE","paid",3768
2967,2026-01-04 07:55:07.000Z,172005,"PL","paid",1179
2968,2026-01-04 07:57:01.000Z,159482,"UK","paid",1882
2969,2026-01-04 07:59:15.000Z,964299,"PL","paid",551
2970,2026-01-04 08:00:17.000Z,909544,"UK","paid",366
2971,2026-01-04 08:01:47.000Z,788097,"PL","paid",3929
2972,2026-01-04 08:04:05.000Z,984998,"DE","paid",7697
2973,2026-01-04 08:04:55.000Z,898311,"UK","paid",9474
2974,2026-01-04 08:07:13.000Z,190772,"US","paid",3036
2975,2026-01-04 08:07:59.000Z,227741,"FR","paid",6719
2976,2026-01-04 08:10:17.000Z,392242,"FR","cancelled",802
2977,2026-01-04 08:11:27.000Z,598915,"PL","paid",2160
2978,2026-01-04 08:13:29.000Z,324800,"PL","paid",1126
2979,2026-01-04 08:14:35.000Z,802009,"FR","cancelled",2524
2980,2026-01-04 08:16:17.000Z,954174,"SE","cancelled",7327
2981,2026-01-04 08:18:39.000Z,330879,"UK","paid",1313
2982,2026-01-04 08:19:49.000Z,231852,"DE","cancelled",9699
2983,2026-01-04 08:21:35.000Z,560181,"SE","paid",3469
2984,2026-01-04 08:23:09.000Z,896298,"PL","paid",1465
2985,2026-01-04 08:25:03.000Z,181595,"SE","paid",9576
2986,2026-01-04 08:26:37.000Z,418712,"US","paid",9478
2987,2026-01-04 08:28:03.000Z,797361,"SE","paid",4821
2988,2026-01-04 08:29:09.000Z,755510,"UK","paid",1160
2989,2026-01-04 08:31:15.000Z,952279,"UK","refunded",9742
2990,2026-01-04 08:32:21.000Z,515268,"UK","paid",2309
2991,2026-01-04 08:34:27.000Z,534317,"DE","paid",4331
2992,2026-01-04 08:35:29.000Z,581922,"UK","paid",1253
2993,2026-01-04 08:37:23.000Z,695699,"SE","paid",6710
2994,2026-01-04 08:38:45.000Z,291344,"FR","paid",8654
2995,2026-01-04 08:41:11.000Z,231753,"DE","paid",5268
2996,2026-01-04 08:42:25.000Z,450190,"DE","paid",8348
2997,2026-01-04 08:43:55.000Z,467823,"UK","paid",7083
2998,2026-01-04 08:46:01.000Z,771452,"UK","paid",4605
2999,2026-01-04 08:46:55.000Z,166309,"UK","paid",8815
3000,2026-01-04 08:49:13.000Z,805050,"FR","paid",1332
3001,2026-01-04 08:50:23.000Z,793803,"UK","paid",4867
3002,2026-01-04 08:51:57.000Z,561000,"UK","paid",5229
3003,2026-01-04 08:53:47.000Z,597793,"UK","paid",2564
3004,2026-01-04 08:55:45.000Z,713254,"PL","paid",5083
3005,2026-01-04 08:56:39.000Z,511911,"UK","paid",2788
3006,2026-01-04 08:58:49.000Z,660084,"SE","paid",3420
3007,2026-01-04 09:00:31.000Z,875069,"US","paid",5643
3008,2026-01-04 09:01:37.000Z,112018,"US","paid",3968
3009,2026-01-04 09:03:07.000Z,697731,"UK","cancelled",6542
3010,2026-01-04 09:05:17.000Z,174624,"UK","paid",5716
3011,2026-01-04 09:06:51.000Z,467961,"US","refunded",639
3012,2026-01-04 09:07:49.000Z,255102,"UK","refunded",7214
3013,2026-01-04 09:10:19.000Z,948575,"FR","paid",2096
3014,2026-01-04 09:11:33.000Z,282732,"PL","paid",5010
3015,2026-01-04 09:13:11.000Z,367573,"UK","paid",5521
3016,2026-01-04 09:14:17.000Z,721482,"UK","paid",1847
3017,2026-01-04 09:15:55.000Z,379483,"UK","paid",3084
3018,2026-01-04 09:17:41.000Z,539032,"SE","paid",4563
3019,2026-01-04 09:19:31.000Z,351185,"UK","paid",7211
3020,2026-01-04 09:21:21.000Z,647478,"FR","paid",5456
3021,2026-01-04 09:22:43.000Z,949143,"FR","paid",3527
3022,2026-01-04 09:24:13.000Z,250916,"DE","paid",2146
3023,2026-01-04 09:26:23.000Z,286829,"PL","paid",947
3024,2026-01-04 09:27:53.000Z,998242,"UK","paid",2720
3025,2026-01-04 09:29:23.000Z,290355,"UK","cancelled",5419
3026,2026-01-04 09:30:57.000Z,394992,"US","paid",6225
3027,2026-01-04 09:32:15.000Z,448553,"PL","paid",4758
3028,2026-01-04 09:34:37.000Z,259598,"PL","paid",3153
3029,2026-01-04 09:35:39.000Z,356463,"DE","paid",3019
3030,2026-01-04 09:37:01.000Z,262428,"FR","paid",6629
3031,2026-01-04 09:38:51.000Z,940741,"UK","cancelled",9394
3032,2026-01-04 09:40:37.000Z,564250,"US","paid",6448
3033,2026-01-04 09:42:15.000Z,138251,"UK","paid",8822
3034,2026-01-04 09:44:05.000Z,377544,"DE","paid",895
3035,2026-01-04 09:45:19.000Z,308161,"UK","paid",2806
3036,2026-01-04 09:47:29.000Z,747814,"UK","paid",6869
3037,2026-01-04 09:48:51.000Z,542599,"DE","cancelled",7604
3038,2026-01-04 09:50:21.000Z,582132,"UK","paid",3694
3039,2026-01-04 09:51:43.000Z,713757,"SE","paid",9302
3040,2026-01-04 09:53:17.000Z,317874,"SE","paid",7889
3041,2026-01-04 09:55:35.000Z,778595,"UK","paid",2287
3042,2026-01-04 09:56:41.000Z,349984,"UK","paid",7297
3043,2026-01-04 09:58:47.000Z,191673,"SE","refunded",8589
3044,2026-01-04 09:59:53.000Z,500702,"FR","paid",6909
3045,2026-01-04 10:01:19.000Z,949311,"US","paid",1295
3046,2026-01-04 10:03:01.000Z,880076,"UK","paid",2779
3047,2026-01-04 10:04:51.000Z,308469,"FR","paid",272
3048,2026-01-04 10:06:29.000Z,941290,"UK","paid",449
3049,2026-01-04 10:08:07.000Z,720731,"FR","paid",226
3050,2026-01-04 10:09:57.000Z,646104,"UK","paid",2734
3051,2026-01-04 10:11:27.000Z,258257,"FR","paid",7665
3052,2026-01-04 10:12:49.000Z,677942,"US","paid",603
3053,2026-01-04 10:14:47.000Z,144023,"US","paid",2583
3054,2026-01-04 10:15:49.000Z,425028,"PL","paid",8942
3055,2026-01-04 10:17:43.000Z,953645,"UK","paid",5161
3056,2026-01-04 10:19:01.000Z,565186,"DE","paid",6706
3057,2026-01-04 10:20:51.000Z,833459,"FR","paid",6992
3058,2026-01-04 10:22:49.000Z,900560,"SE","refunded",2292
3059,2026-01-04 10:24:35.000Z,727529,"UK","paid",680
3060,2026-01-04 10:25:53.000Z,633550,"UK","cancelled",1397
3061,2026-01-04 10:27:59.000Z,554799,"PL","paid",9805
3062,2026-01-04 10:29:05.000Z,868028,"US","refunded",2372
3063,2026-01-04 10:30:15.000Z,389381,"DE","paid",2097
3064,2026-01-04 10:32:49.000Z,172538,"SE","paid",9467
3065,2026-01-04 10:33:47.000Z,611339,"DE","paid",9892
3066,2026-01-04 10:35:57.000Z,800072,"PL","paid",940
3067,2026-01-04 10:37:35.000Z,759873,"DE","paid",588
3068,2026-01-04 10:39:05.000Z,365606,"UK","paid",2421
3069,2026-01-04 10:40:23.000Z,557287,"PL","paid",4296
3070,2026-01-04 10:42:01.000Z,732308,"FR","paid",5612
3071,2026-01-04 10:44:07.000Z,189757,"UK","paid",508
3072,2026-01-04 10:45:33.000Z,625106,"UK","paid",641
3073,2026-01-04 10:47:15.000Z,776611,"DE","paid",9818
3074,2026-01-04 10:48:41.000Z,179360,"DE","paid",6649
3075,2026-01-04 10:49:39.000Z,513881,"UK","paid",9290
3076,2026-01-04 10:52:09.000Z,805054,"US","paid",8790
3077,2026-01-04 10:53:07.000Z,936895,"SE","paid",4756
3078,2026-01-04 10:54:57.000Z,593228,"UK","paid",471
3079,2026-01-04 10:57:03.000Z,377077,"US","cancelled",469
3080,2026-01-04 10:58:09.000Z,479946,"DE","paid",8514
3081,2026-01-04 10:59:23.000Z,141883,"US","paid",1168
3082,2026-01-04 11:01:37.000Z,285080,"FR","paid",9405
3083,2026-01-04 11:02:47.000Z,372113,"US","paid",2998
3084,2026-01-04 11:04:45.000Z,625334,"SE","paid",2093
3085,2026-01-04 11:06:19.000Z,188471,"SE","paid",8223
3086,2026-01-04 11:08:21.000Z,195396,"UK","paid",5249
3087,2026-01-04 11:09:55.000Z,455373,"UK","paid",9023
3088,2026-01-04 11:10:53.000Z,644994,"PL","cancelled",5652
3089,2026-01-04 11:12:55.000Z,441139,"US","paid",9995
3090,2026-01-04 11:14:33.000Z,680720,"UK","paid",6585
3091,2026-01-04 11:16:23.000Z,747753,"UK","refunded",964
3092,2026-01-04 11:17:33.000Z,727566,"UK","paid",9100
3093,2026-01-04 11:19:11.000Z,925807,"UK","paid",398
3094,2026-01-04 11:20:29.000Z,147228,"SE","paid",6190
3095,2026-01-04 11:22:35.000Z,522917,"PL","paid",3750
3096,2026-01-04 11:23:53.000Z,259258,"UK","paid",1453
3097,2026-01-04 11:25:31.000Z,272459,"PL","refunded",1029
3098,2026-01-04 11:27:09.000Z,143400,"UK","paid",4260
3099,2026-01-04 11:29:15.000Z,819329,"PL","paid",3508
3100,2026-01-04 11:30:25.000Z,913862,"DE","paid",2833
3101,2026-01-04 11:32:15.000Z,775815,"UK","paid",4803
3102,2026-01-04 11:33:45.000Z,283508,"US","paid",3048
3103,2026-01-04 11:35:15.000Z,181981,"FR","paid",9833
3104,2026-01-04 11:36:53.000Z,375602,"FR","paid",9552
3105,2026-01-04 11:39:07.000Z,672579,"PL","paid",5437
3106,2026-01-04 11:40:21.000Z,297856,"PL","paid",596
3107,2026-01-04 11:41:55.000Z,733753,"FR","paid",8050
3108,2026-01-04 11:43:25.000Z,867006,"SE","paid",246
3109,2026-01-04 11:45:03.000Z,200767,"UK","paid",1221
3110,2026-01-04 11:47:01.000Z,387148,"DE","paid",9947
3111,2026-01-04 11:47:51.000Z,749621,"SE","paid",8458
3112,2026-01-04 11:49:37.000Z,520970,"PL","paid",8061
3113,2026-01-04 11:51:31.000Z,890587,"SE","paid",3196
3114,2026-01-04 11:53:09.000Z,705848,"US","paid",8702
3115,2026-01-04 11:54:39.000Z,204721,"SE","paid",2517
3116,2026-01-04 11:56:53.000Z,203798,"UK","paid",9190
3117,2026-01-04 11:57:51.000Z,121559,"UK","paid",2177
3118,2026-01-04 11:59:37.000Z,633668,"UK","paid",5755
3119,2026-01-04 12:01:43.000Z,912877,"DE","paid",2015
3120,2026-01-04 12:02:33.000Z,442850,"UK","paid",1960
3121,2026-01-04 12:04:11.000Z,791571,"SE","paid",8885
3122,2026-01-04 12:06:25.000Z,814768,"FR","paid",5082
3123,2026-01-04 12:07:23.000Z,328489,"DE","paid",8296
3124,2026-01-04 12:09:37.000Z,616526,"DE","paid",5742
3125,2026-01-04 12:11:03.000Z,436335,"UK","paid",7786
3126,2026-01-04 12:12:13.000Z,356508,"UK","paid",4762
3127,2026-01-04 12:13:47.000Z,750405,"UK","paid",1390
3128,2026-01-04 12:15:41.000Z,929402,"FR","paid",4058
3129,2026-01-04 12:17:03.000Z,492107,"UK","refunded",2009
3130,2026-01-04 12:18:49.000Z,394376,"UK","paid",7443
3131,2026-01-04 12:20:39.000Z,476769,"UK","cancelled",3607
3132,2026-01-04 12:21:49.000Z,306342,"PL","paid",6264
3133,2026-01-04 12:24:15.000Z,689191,"UK","paid",1073
3134,2026-01-04 12:25:05.000Z,322484,"SE","paid",2216
3135,2026-01-04 12:27:31.000Z,118653,"US","paid",7121
3136,2026-01-04 12:28:49.000Z,354194,"US","paid",2614
3137,2026-01-04 12:30:39.000Z,409347,"UK","paid",931
3138,2026-01-04 12:31:53.000Z,261664,"UK","paid",4690
3139,2026-01-04 12:33:51.000Z,457945,"US","paid",4105
3140,2026-01-04 12:35:29.000Z,886526,"UK","paid",3586
3141,2026-01-04 12:37:15.000Z,901535,"FR","paid",8937
3142,2026-01-04 12:38:17.000Z,942540,"PL","paid",3429
3143,2026-01-04 12:40:27.000Z,318933,"UK","paid",4630
3144,2026-01-04 12:41:41.000Z,341770,"UK","paid",9640
3145,2026-01-04 12:43:19.000Z,111131,"UK","paid",7740
3146,2026-01-04 12:45:05.000Z,864920,"SE","paid",599
3147,2026-01-04 12:46:51.000Z,391889,"UK","paid",9872
3148,2026-01-04 12:47:41.000Z,361302,"FR","cancelled",7402
3149,2026-01-04 12:49:19.000Z,702583,"FR","paid",6823
3150,2026-01-04 12:51:45.000Z,958052,"DE","paid",8608
3151,2026-01-04 12:53:19.000Z,945389,"PL","paid",3231
3152,2026-01-04 12:54:53.000Z,439586,"UK","paid",8824
3153,2026-01-04 12:55:51.000Z,908627,"UK","cancelled",3494
3154,2026-01-04 12:57:21.000Z,737680,"US","paid",837
3155,2026-01-04 12:59:23.000Z,663785,"PL","paid",8562
3156,2026-01-04 13:01:13.000Z,960078,"PL","paid",5310
3157,2026-01-04 13:02:55.000Z,757103,"DE","paid",6189
3158,2026-01-04 13:04:45.000Z,182556,"FR","paid",7418
3159,2026-01-04 13:06:11.000Z,264805,"UK","paid",8778
3160,2026-01-04 13:07:33.000Z,381850,"US","paid",8063
3161,2026-01-04 13:09:35.000Z,886475,"UK","refunded",8284
3162,2026-01-04 13:10:29.000Z,828232,"DE","paid",5182
3163,2026-01-04 13:12:03.000Z,113569,"UK","paid",6241
3164,2026-01-04 13:14:17.000Z,976166,"UK","paid",4133
3165,2026-01-04 13:15:35.000Z,608647,"DE","paid",5898
3166,2026-01-04 13:17:17.000Z,333492,"UK","paid",1450
3167,2026-01-04 13:19:19.000Z,760957,"SE","paid",9976
3168,2026-01-04 13:20:13.000Z,255954,"SE","paid",6459
3169,2026-01-04 13:21:47.000Z,791811,"UK","paid",3976
3170,2026-01-04 13:23:33.000Z,933600,"UK","refunded",827
3171,2026-01-04 13:25:03.000Z,835193,"SE","paid",8771
3172,2026-01-04 13:26:41.000Z,999294,"FR","paid",5088
3173,2026-01-04 13:28:15.000Z,620031,"US","paid",7595
3174,2026-01-04 13:30:09.000Z,186668,"UK","paid",5902
3175,2026-01-04 13:31:55.000Z,127157,"FR","paid",7649
3176,2026-01-04 13:33:05.000Z,579050,"UK","paid",4474
3177,2026-01-04 13:35:31.000Z,875259,"FR","paid",3862
3178,2026-01-04 13:36:29.000Z,690840,"UK","paid",2559
3179,2026-01-04 13:37:59.000Z,976913,"FR","paid",2838
3180,2026-01-04 13:39:25.000Z,348822,"US","paid",4785
3181,2026-01-04 13:41:55.000Z,727415,"US","paid",6391
3182,2026-01-04 13:43:09.000Z,918852,"PL","paid",2432
3183,2026-01-04 13:45:03.000Z,588749,"UK","cancelled",9809
3184,2026-01-04 13:46:37.000Z,360866,"DE","paid",7326
3185,2026-01-04 13:47:35.000Z,678227,"FR","paid",9343
3186,2026-01-04 13:49:41.000Z,772816,"SE","paid",4911
3187,2026-01-04 13:51:15.000Z,722473,"UK","paid",556
3188,2026-01-04 13:52:21.000Z,135342,"UK","paid",7626
3189,2026-01-04 13:54:15.000Z,611759,"PL","paid",1395
3190,2026-01-04 13:56:25.000Z,393212,"US","refunded",5297
3191,2026-01-04 13:57:43.000Z,241093,"DE","paid",9468
3192,2026-01-04 13:58:53.000Z,958426,"SE","paid",4310
3193,2026-01-04 14:00:55.000Z,217451,"DE","paid",882
3194,2026-01-04 14:02:37.000Z,143176,"PL","paid",8423
3195,2026-01-04 14:03:47.000Z,585889,"DE","paid",9870
3196,2026-01-04 14:05:49.000Z,457574,"UK","paid",2982
3197,2026-01-04 14:07:43.000Z,681991,"PL","paid",3826
3198,2026-01-04 14:09:21.000Z,898292,"FR","refunded",1112
3199,2026-01-04 14:10:55.000Z,519389,"UK","refunded",4974
3200,2026-01-04 14:12:01.000Z,318898,"UK","paid",8183
3201,2026-01-04 14:13:39.000Z,619619,"DE","refunded",9059
3202,2026-01-04 14:15:17.000Z,632160,"DE","paid",7783
3203,2026-01-04 14:17:23.000Z,287129,"UK","paid",9140
3204,2026-01-04 14:19:05.000Z,774814,"US","paid",6977
3205,2026-01-04 14:20:43.000Z,290015,"SE","refunded",8457
3206,2026-01-04 14:21:29.000Z,577004,"UK","paid",5598
3207,2026-01-04 14:23:27.000Z,833045,"US","paid",4327
3208,2026-01-04 14:24:53.000Z,779754,"DE","paid",2827
3209,2026-01-04 14:26:35.000Z,984059,"US","cancelled",5392
3210,2026-01-04 14:28:05.000Z,267832,"FR","paid",9525
3211,2026-01-04 14:29:51.000Z,761521,"US","paid",1382
3212,2026-01-04 14:32:05.000Z,651158,"SE","paid",5539
3213,2026-01-04 14:33:31.000Z,879447,"SE","refunded",5134
3214,2026-01-04 14:34:25.000Z,129284,"UK","paid",9223
3215,2026-01-04 14:36:15.000Z,311757,"UK","paid",7251
3216,2026-01-04 14:38:09.000Z,224354,"PL","paid",9552
3217,2026-01-04 14:40:07.000Z,597395,"US","paid",9374
3218,2026-01-04 14:41:41.000Z,666512,"UK","paid",5021
3219,2026-01-04 14:42:39.000Z,680873,"UK","paid",6696
3220,2026-01-04 14:44:41.000Z,138798,"UK","paid",5769
3221,2026-01-04 14:46:27.000Z,778767,"UK","paid",8488
3222,2026-01-04 14:47:17.000Z,153820,"SE","paid",1463
3223,2026-01-04 14:49:27.000Z,570853,"PL","paid",4665
3224,2026-01-04 14:51:17.000Z,227546,"UK","paid",3096
3225,2026-01-04 14:53:03.000Z,641675,"PL","paid",7043
3226,2026-01-04 14:54:29.000Z,876744,"UK","paid",5183
3227,2026-01-04 14:55:51.000Z,273729,"PL","cancelled",7294
3228,2026-01-04 14:57:41.000Z,553222,"DE","paid",3845
3229,2026-01-04 14:59:31.000Z,977255,"UK","paid",249
3230,2026-01-04 15:00:53.000Z,912500,"US","paid",3996
3231,2026-01-04 15:02:35.000Z,937405,"FR","paid",6651
3232,2026-01-04 15:04:21.000Z,507634,"FR","paid",4434
3233,2026-01-04 15:05:51.000Z,454467,"PL","paid",6558
3234,2026-01-04 15:07:33.000Z,447872,"PL","paid",2426
3235,2026-01-04 15:09:11.000Z,661113,"FR","refunded",3972
3236,2026-01-04 15:10:25.000Z,701950,"SE","paid",4738
3237,2026-01-04 15:12:15.000Z,200063,"UK","paid",2377
3238,2026-01-04 15:13:25.000Z,603116,"DE","paid",1026
3239,2026-01-04 15:15:43.000Z,493717,"SE","paid",1184
3240,2026-01-04 15:17:21.000Z,217418,"PL","refunded",4714
3241,2026-01-04 15:18:27.000Z,900667,"SE","cancelled",2244
3242,2026-01-04 15:20:25.000Z,819448,"US","paid",3411
3243,2026-01-04 15:22:11.000Z,738577,"SE","paid",9090
3244,2026-01-04 15:23:49.000Z,537878,"UK","paid",8772
3245,2026-01-04 15:25:15.000Z,778647,"UK","paid",8761
3246,2026-01-04 15:26:09.000Z,367364,"UK","paid",2677
3247,2026-01-04 15:27:59.000Z,848877,"DE","paid",9840
3248,2026-01-04 15:29:21.000Z,841602,"UK","paid",6612
3249,2026-01-04 15:31:03.000Z,476147,"SE","paid",984
3250,2026-01-04 15:33:17.000Z,320784,"FR","paid",5961
3251,2026-01-04 15:34:11.000Z,206441,"DE","cancelled",3319
3252,2026-01-04 15:36:37.000Z,600750,"DE","paid",8763
3253,2026-01-04 15:37:47.000Z,722223,"UK","cancelled",5644
3254,2026-01-04 15:39:45.000Z,376284,"UK","cancelled",2239
3255,2026-01-04 15:41:11.000Z,511333,"UK","paid",4558
3256,2026-01-04 15:42:41.000Z,967866,"FR","paid",4057
3257,2026-01-04 15:44:43.000Z,845131,"UK","paid",9471
3258,2026-01-04 15:45:45.000Z,154856,"UK","paid",1382
3259,2026-01-04 15:47:35.000Z,899169,"UK","paid",3394
3260,2026-01-04 15:49:09.000Z,866886,"PL","paid",3080
3261,2026-01-04 15:50:31.000Z,749991,"UK","paid",779
3262,2026-01-04 15:52:21.000Z,452884,"SE","refunded",4612
3263,2026-01-04 15:53:35.000Z,391421,"US","paid",8003
3264,2026-01-04 15:55:41.000Z,597010,"US","paid",1000
3265,2026-01-04 15:56:51.000Z,171043,"UK","paid",1300
3266,2026-01-04 15:58:29.000Z,726944,"UK","paid",8404
3267,2026-01-04 16:00:43.000Z,595641,"US","paid",5343
3268,2026-01-04 16:02:17.000Z,787038,"UK","paid",9385
3269,2026-01-04 16:03:19.000Z,224383,"FR","paid",2705
3270,2026-01-04 16:05:17.000Z,417484,"PL","paid",4264
3271,2026-01-04 16:06:55.000Z,633845,"UK","paid",1351
3272,2026-01-04 16:08:49.000Z,508522,"UK","paid",317
3273,2026-01-04 16:10:15.000Z,882971,"UK","paid",848
3274,2026-01-04 16:11:41.000Z,124920,"SE","paid",3008
3275,2026-01-04 16:13:23.000Z,324785,"UK","paid",4085
3276,2026-01-04 16:15:17.000Z,114262,"FR","refunded",7264
3277,2026-01-04 16:16:47.000Z,948855,"FR","paid",3810
3278,2026-01-04 16:18:33.000Z,824964,"DE","paid",8426
3279,2026-01-04 16:19:35.000Z,834829,"PL","paid",9495
3280,2026-01-04 16:22:01.000Z,783458,"UK","paid",9896
3281,2026-01-04 16:23:19.000Z,902899,"UK","refunded",7569
3282,2026-01-04 16:24:57.000Z,609680,"US","paid",321
3283,2026-01-04 16:26:23.000Z,257769,"PL","paid",9778
3284,2026-01-04 16:27:57.000Z,103566,"PL","paid",9816
3285,2026-01-04 16:29:27.000Z,161039,"DE","paid",135
3286,2026-01-04 16:31:21.000Z,620956,"FR","paid",4839
3287,2026-01-04 16:33:07.000Z,903685,"UK","refunded",6457
3288,2026-01-04 16:34:57.000Z,117338,"US","paid",7305
3289,2026-01-04 16:35:43.000Z,124907,"UK","refunded",7794
3290,2026-01-04 16:38:01.000Z,826408,"DE","paid",9296
3291,2026-01-04 16:38:59.000Z,808129,"UK","paid",7288
3292,2026-01-04 16:40:53.000Z,854406,"UK","paid",1025
3293,2026-01-04 16:42:31.000Z,892327,"DE","paid",2583
3294,2026-01-04 16:44:25.000Z,359124,"UK","paid",1138
3295,2026-01-04 16:45:47.000Z,139869,"SE","paid",1523
3296,2026-01-04 16:47:25.000Z,821170,"SE","paid",4145
3297,2026-01-04 16:49:03.000Z,171491,"UK","paid",5549
3298,2026-01-04 16:50:09.000Z,338560,"UK","paid",6220
3299,2026-01-04 16:52:39.000Z,585753,"SE","paid",693
3300,2026-01-04 16:53:33.000Z,804830,"FR","paid",6631
3301,2026-01-04 16:55:27.000Z,575647,"US","paid",1972
3302,2026-01-04 16:57:17.000Z,453740,"UK","paid",9205
3303,2026-01-04 16:58:51.000Z,260117,"FR","paid",7458
3304,2026-01-04 17:00:49.000Z,296138,"UK","paid",9167
3305,2026-01-04 17:01:43.000Z,334555,"FR","paid",3106
3306,2026-01-04 17:03:37.000Z,535512,"UK","cancelled",4999
3307,2026-01-04 17:05:11.000Z,478929,"FR","paid",6271
3308,2026-01-04 17:07:01.000Z,803062,"US","paid",9327
3309,2026-01-04 17:08:19.000Z,117783,"US","cancelled",7154
3310,2026-01-04 17:10:17.000Z,724164,"PL","paid",5450
3311,2026-01-04 17:12:07.000Z,969997,"UK","paid",7122
3312,2026-01-04 17:13:25.000Z,314658,"DE","paid",9818
3313,2026-01-04 17:15:11.000Z,544467,"FR","paid",9226
3314,2026-01-04 17:16:05.000Z,930224,"SE","paid",6843
3315,2026-01-04 17:17:51.000Z,468233,"UK","paid",8827
3316,2026-01-04 17:19:45.000Z,598030,"UK","paid",6532
3317,2026-01-04 17:21:47.000Z,367055,"PL","paid",1102
3318,2026-01-04 17:23:05.000Z,478396,"US","cancelled",9322
3319,2026-01-04 17:24:47.000Z,803781,"DE","paid",7995
3320,2026-01-04 17:26:25.000Z,807802,"SE","paid",1881
3321,2026-01-04 17:27:35.000Z,607435,"DE","paid",6604
3322,2026-01-04 17:29:25.000Z,412328,"PL","paid",9193
3323,2026-01-04 17:30:59.000Z,537665,"DE","paid",1813
3324,2026-01-04 17:32:33.000Z,472742,"UK","paid",3242
3325,2026-01-04 17:34:43.000Z,416615,"PL","paid",3875
3326,2026-01-04 17:36:09.000Z,286644,"FR","paid",1620
3327,2026-01-04 17:37:27.000Z,325085,"UK","paid",6425
3328,2026-01-04 17:39:25.000Z,408146,"UK","paid",9060
3329,2026-01-04 17:40:35.000Z,987299,"DE","paid",6832
3330,2026-01-04 17:42:01.000Z,840288,"DE","refunded",4184
3331,2026-01-04 17:44:15.000Z,135865,"UK","paid",8518
3332,2026-01-04 17:45:21.000Z,298494,"US","paid",6385
3333,2026-01-04 17:47:11.000Z,235807,"SE","refunded",4889
3334,2026-01-04 17:48:21.000Z,443020,"UK","paid",1865
3335,2026-01-04 17:50:03.000Z,444885,"US","paid",1416
3336,2026-01-04 17:52:21.000Z,817226,"DE","paid",123
3337,2026-01-04 17:53:55.000Z,337403,"US","paid",7224
3338,2026-01-04 17:55:45.000Z,141816,"FR","paid",2938
3339,2026-01-04 17:56:59.000Z,583633,"US","paid",191
3340,2026-01-04 17:58:05.000Z,362742,"SE","paid",7045
3341,2026-01-04 18:00:03.000Z,282423,"SE","paid",8246
3342,2026-01-04 18:02:09.000Z,635492,"UK","refunded",3217
3343,2026-01-04 18:03:31.000Z,504077,"UK","paid",2295
3344,2026-01-04 18:04:53.000Z,242882,"PL","paid",6760
3345,2026-01-04 18:06:15.000Z,646067,"US","paid",2149
3346,2026-01-04 18:08:29.000Z,667824,"UK","paid",2776
3347,2026-01-04 18:09:51.000Z,695049,"UK","paid",7264
3348,2026-01-04 18:11:13.000Z,119694,"UK","paid",1322
3349,2026-01-04 18:12:39.000Z,815983,"UK","paid",8415
3350,2026-01-04 18:14:41.000Z,636668,"SE","paid",7872
3351,2026-01-04 18:15:59.000Z,767749,"PL","paid",4240
3352,2026-01-04 18:18:21.000Z,330394,"UK","paid",6999
3353,2026-01-04 18:20:03.000Z,613899,"PL","paid",7205
3354,2026-01-04 18:20:45.000Z,189224,"UK","paid",8321
3355,2026-01-04 18:22:27.000Z,115969,"PL","paid",2921
3356,2026-01-04 18:24:21.000Z,514566,"DE","paid",8962
3357,2026-01-04 18:26:07.000Z,306375,"UK","paid",2674
3358,2026-01-04 18:27:49.000Z,653780,"US","paid",7872
3359,2026-01-04 18:29:27.000Z,371421,"FR","paid",1822
3360,2026-01-04 18:30:37.000Z,928914,"FR","paid",1103
3361,2026-01-04 18:32:47.000Z,244707,"PL","paid",9191
3362,2026-01-04 18:34:29.000Z,512672,"PL","paid",7059
3363,2026-01-04 18:35:27.000Z,774233,"FR","paid",2054
3364,2026-01-04 18:36:57.000Z,295966,"SE","paid",3561
3365,2026-01-04 18:39:27.000Z,807039,"UK","paid",7314
3366,2026-01-04 18:41:01.000Z,230316,"DE","paid",397
3367,2026-01-04 18:42:35.000Z,328053,"SE","paid",1349
3368,2026-01-04 18:44:05.000Z,900746,"PL","paid",2747
3369,2026-01-04 18:45:39.000Z,302843,"SE","paid",6468
3370,2026-01-04 18:47:17.000Z,790104,"US","paid",7456
3371,2026-01-04 18:49:07.000Z,412657,"SE","cancelled",3507
3372,2026-01-04 18:50:25.000Z,569238,"UK","paid",8035
3373,2026-01-04 18:52:07.000Z,994583,"UK","paid",5832
3374,2026-01-04 18:53:09.000Z,992388,"UK","refunded",4967
3375,2026-01-04 18:54:43.000Z,919725,"DE","refunded",2752
3376,2026-01-04 18:56:49.000Z,118754,"UK","paid",1164
3377,2026-01-04 18:57:59.000Z,865907,"SE","paid",6887
3378,2026-01-04 18:59:53.000Z,430864,"FR","paid",1425
3379,2026-01-04 19:01:07.000Z,621161,"DE","paid",3751
3380,2026-01-04 19:03:33.000Z,805230,"DE","paid",1820
3381,2026-01-04 19:04:27.000Z,987407,"UK","paid",2779
3382,2026-01-04 19:06:37.000Z,181340,"UK","paid",4597
3383,2026-01-04 19:08:31.000Z,884677,"UK","paid",8321
3384,2026-01-04 19:09:13.000Z,202842,"FR","paid",1928
3385,2026-01-04 19:11:35.000Z,394827,"UK","paid",5965
3386,2026-01-04 19:12:37.000Z,773032,"UK","paid",897
3387,2026-01-04 19:14:27.000Z,129665,"UK","paid",9356
3388,2026-01-04 19:16:05.000Z,222726,"PL","paid",4072
3389,2026-01-04 19:17:43.000Z,314407,"UK","paid",9180
3390,2026-01-04 19:19:25.000Z,276372,"SE","paid",3936
3391,2026-01-04 19:20:39.000Z,136189,"US","paid",4686
3392,2026-01-04 19:22:53.000Z,813746,"US","paid",5705
3393,2026-01-04 19:24:43.000Z,199299,"UK","paid",1829
3394,2026-01-04 19:25:29.000Z,408288,"UK","paid",7401
3395,2026-01-04 19:27:51.000Z,652953,"US","paid",8276
3396,2026-01-04 19:28:37.000Z,526302,"UK","paid",8196
3397,2026-01-04 19:30:59.000Z,462687,"FR","paid",4910
3398,2026-01-04 19:32:33.000Z,758124,"PL","paid",5175
3399,2026-01-04 19:33:51.000Z,864245,"UK","paid",5901
3400,2026-01-04 19:35:25.000Z,336842,"UK","refunded",5002
3401,2026-01-04 19:37:39.000Z,169659,"UK","paid",1544
3402,2026-01-04 19:39:13.000Z,965976,"SE","paid",6252
3403,2026-01-04 19:39:59.000Z,214545,"UK","paid",7182
3404,2026-01-04 19:42:13.000Z,266902,"FR","paid",4507
3405,2026-01-04 19:43:55.000Z,742647,"FR","paid",118
3406,2026-01-04 19:45:25.000Z,876740,"DE","paid",4828
3407,2026-01-04 19:46:39.000Z,532557,"PL","paid",4587
3408,2026-01-04 19:48:05.000Z,286786,"UK","paid",2204
3409,2026-01-04 19:49:47.000Z,489651,"UK","refunded",1924
3410,2026-01-04 19:51:41.000Z,983408,"US","paid",3472
3411,2026-01-04 19:53:39.000Z,802409,"PL","paid",2430
3412,2026-01-04 19:55:21.000Z,143374,"PL","paid",9741
3413,2026-01-04 19:56:51.000Z,197487,"DE","paid",5954
3414,2026-01-04 19:57:49.000Z,928188,"FR","paid",6452
3415,2026-01-04 19:59:55.000Z,609317,"UK","paid",2748
3416,2026-01-04 20:00:57.000Z,936762,"US","refunded",4364
3417,2026-01-04 20:02:43.000Z,811851,"UK","paid",6276
3418,2026-01-04 20:04:17.000Z,235368,"DE","paid",8115
3419,2026-01-04 20:06:35.000Z,405569,"UK","paid",4715
3420,2026-01-04 20:07:29.000Z,826726,"UK","paid",6498
3421,2026-01-04 20:09:55.000Z,113735,"DE","refunded",4937
3422,2026-01-04 20:10:49.000Z,951412,"UK","paid",5162
3423,2026-01-04 20:13:11.000Z,976957,"SE","paid",9625
3424,2026-01-04 20:14:49.000Z,354098,"SE","paid",6702
3425,2026-01-04 20:15:31.000Z,117763,"UK","paid",774
3426,2026-01-04 20:17:45.000Z,919040,"UK","paid",4534
3427,2026-01-04 20:19:31.000Z,449849,"SE","paid",6430
3428,2026-01-04 20:21:09.000Z,654270,"FR","paid",4199
3429,2026-01-04 20:22:39.000Z,729023,"US","paid",5108
3430,2026-01-04 20:23:49.000Z,382796,"UK","paid",9112
3431,2026-01-04 20:25:39.000Z,991989,"FR","refunded",839
3432,2026-01-04 20:27:41.000Z,274954,"UK","paid",5228
3433,2026-01-04 20:28:39.000Z,173275,"FR","refunded",7194
3434,2026-01-04 20:30:05.000Z,127064,"UK","paid",4520
3435,2026-01-04 20:31:55.000Z,628977,"FR","paid",5595
3436,2026-01-04 20:33:57.000Z,768502,"US","paid",2970
3437,2026-01-04 20:35:07.000Z,551575,"US","cancelled",2662
3438,2026-01-04 20:37:25.000Z,216996,"PL","paid",188
3439,2026-01-04 20:38:15.000Z,791149,"UK","paid",2158
3440,2026-01-04 20:40:21.000Z,567138,"DE","paid",138
3441,2026-01-04 20:41:47.000Z,732307,"FR","paid",409
3442,2026-01-04 20:43:41.000Z,377904,"SE","paid",7707
3443,2026-01-04 20:44:55.000Z,720361,"UK","paid",9207
3444,2026-01-04 20:46:29.000Z,791278,"UK","cancelled",1497
3445,2026-01-04 20:47:55.000Z,382607,"PL","paid",1144
3446,2026-01-04 20:50:13.000Z,557788,"US","paid",1795
3447,2026-01-04 20:51:43.000Z,729381,"DE","refunded",7894
3448,2026-01-04 20:53:17.000Z,719418,"SE","paid",3192
3449,2026-01-04 20:54:43.000Z,155947,"DE","paid",6594
3450,2026-01-04 20:56:41.000Z,403528,"PL","cancelled",8852
3451,2026-01-04 20:57:47.000Z,512577,"DE","paid",4472
3452,2026-01-04 20:59:37.000Z,938950,"UK","paid",1842
3453,2026-01-04 21:01:11.000Z,615847,"PL","paid",173
3454,2026-01-04 21:02:21.000Z,906100,"FR","cancelled",9952
3455,2026-01-04 21:04:39.000Z,749661,"UK","paid",1255
3456,2026-01-04 21:05:41.000Z,133426,"UK","paid",9030
3457,2026-01-04 21:08:11.000Z,379779,"DE","paid",6805
3458,2026-01-04 21:09:33.000Z,708864,"DE","paid",5374
3459,2026-01-04 21:10:55.000Z,899289,"UK","paid",623
3460,2026-01-04 21:12:13.000Z,762110,"US","paid",908
3461,2026-01-04 21:13:51.000Z,436191,"SE","paid",6074
3462,2026-01-04 21:15:25.000Z,358188,"UK","paid",7145
3463,2026-01-04 21:17:23.000Z,731829,"US","paid",1129
3464,2026-01-04 21:19:09.000Z,523818,"DE","paid",2240
3465,2026-01-04 21:20:19.000Z,176571,"US","paid",6000
3466,2026-01-04 21:22:05.000Z,586680,"FR","paid",4731
3467,2026-01-04 21:23:55.000Z,719473,"US","paid",7268
3468,2026-01-04 21:25:13.000Z,371574,"SE","paid",4840
3469,2026-01-04 21:27:11.000Z,717495,"SE","paid",5033
3470,2026-01-04 21:28:37.000Z,206404,"UK","paid",9435
3471,2026-01-04 21:30:11.000Z,709741,"UK","paid",8703
3472,2026-01-04 21:31:53.000Z,757506,"PL","paid",3443
3473,2026-01-04 21:33:27.000Z,887283,"US","paid",1888
3474,2026-01-04 21:35:37.000Z,589776,"UK","paid",9372
3475,2026-01-04 21:36:55.000Z,896777,"UK","paid",4943
3476,2026-01-04 21:38:33.000Z,339918,"UK","paid",9044
3477,2026-01-04 21:40:31.000Z,950319,"UK","paid",1061
3478,2026-01-04 21:41:13.000Z,380924,"SE","paid",1629
3479,2026-01-04 21:43:35.000Z,749189,"PL","paid",2380
3480,2026-01-04 21:44:33.000Z,415610,"UK","paid",5510
3481,2026-01-04 21:46:19.000Z,280139,"PL","paid",1263
3482,2026-01-04 21:48:25.000Z,560488,"UK","paid",8964
3483,2026-01-04 21:49:39.000Z,243425,"PL","paid",8544
3484,2026-01-04 21:51:37.000Z,342086,"DE","paid",7334
3485,2026-01-04 21:52:35.000Z,350567,"UK","paid",8632
3486,2026-01-04 21:54:21.000Z,532436,"US","cancelled",8004
3487,2026-01-04 21:55:47.000Z,526845,"FR","paid",1640
3488,2026-01-04 21:57:21.000Z,712722,"FR","paid",6141
3489,2026-01-04 21:59:47.000Z,176131,"PL","paid",7928
3490,2026-01-04 22:00:57.000Z,481024,"PL","paid",3805
3491,2026-01-04 22:02:59.000Z,761369,"FR","paid",6631
3492,2026-01-04 22:04:01.000Z,867774,"SE","paid",1336
3493,2026-01-04 22:06:23.000Z,134559,"UK","cancelled",7014
3494,2026-01-04 22:07:57.000Z,502956,"DE","paid",5308
3495,2026-01-04 22:09:27.000Z,537269,"SE","paid",194
3496,2026-01-04 22:10:49.000Z,953354,"PL","paid",2760
3497,2026-01-04 22:12:03.000Z,171771,"SE","refunded",5304
3498,2026-01-04 22:14:13.000Z,397464,"US","refunded",6224
3499,2026-01-04 22:15:19.000Z,191633,"SE","paid",3100
3500,2026-01-04 22:16:53.000Z,742070,"UK","paid",6029
3501,2026-01-04 22:18:43.000Z,389463,"UK","paid",668
3502,2026-01-04 22:20:41.000Z,101124,"UK","paid",5129
3503,2026-01-04 22:22:07.000Z,635533,"DE","paid",6024
3504,2026-01-04 22:23:53.000Z,214882,"UK","cancelled",1272
3505,2026-01-04 22:25:43.000Z,210035,"SE","paid",1798
3506,2026-01-04 22:27:01.000Z,233776,"FR","paid",580
3507,2026-01-04 22:28:59.000Z,695497,"DE","paid",2379
3508,2026-01-04 22:29:57.000Z,983278,"DE","paid",7686
3509,2026-01-04 22:31:31.000Z,977455,"UK","paid",897
3510,2026-01-04 22:32:57.000Z,105884,"UK","paid",9082
3511,2026-01-04 22:34:47.000Z,355077,"UK","paid",3920
3512,2026-01-04 22:37:01.000Z,449434,"FR","paid",8995
3513,2026-01-04 22:38:19.000Z,948555,"UK","paid",1551
3514,2026-01-04 22:39:53.000Z,228552,"UK","paid",1275
3515,2026-01-04 22:41:51.000Z,765633,"UK","paid",9951
3516,2026-01-04 22:43:05.000Z,785350,"PL","paid",7469
3517,2026-01-04 22:44:23.000Z,969831,"UK","cancelled",3029
3518,2026-01-04 22:46:37.000Z,252628,"SE","paid",1768
3519,2026-01-04 22:48:11.000Z,830365,"US","paid",1816
3520,2026-01-04 22:49:29.000Z,328626,"US","paid",2275
3521,2026-01-04 22:50:59.000Z,543299,"UK","refunded",7422
3522,2026-01-04 22:52:41.000Z,194464,"UK","paid",891
3523,2026-01-04 22:54:11.000Z,736377,"US","paid",5282
3524,2026-01-04 22:55:45.000Z,590334,"UK","paid",3816
3525,2026-01-04 22:57:35.000Z,378367,"FR","paid",7770
3526,2026-01-04 22:59:05.000Z,415020,"PL","paid",3822
3527,2026-01-04 23:00:31.000Z,562069,"UK","paid",8694
3528,2026-01-04 23:02:29.000Z,909130,"UK","paid",4495
3529,2026-01-04 23:03:43.000Z,113147,"UK","paid",8340
3530,2026-01-04 23:06:09.000Z,467736,"SE","paid",5621
3531,2026-01-04 23:07:15.000Z,858545,"UK","paid",7618
3532,2026-01-04 23:08:57.000Z,530710,"FR","cancelled",7257
3533,2026-01-04 23:10:51.000Z,520407,"FR","paid",3433
3534,2026-01-04 23:11:41.000Z,673060,"DE","paid",9294
3535,2026-01-04 23:13:43.000Z,448685,"PL","paid",3880
3536,2026-01-04 23:15:45.000Z,722850,"UK","paid",2227
3537,2026-01-04 23:17:07.000Z,701715,"UK","paid",951
3538,2026-01-04 23:18:49.000Z,613040,"US","paid",1248
3539,2026-01-04 23:20:07.000Z,604201,"PL","paid",8593
3540,2026-01-04 23:21:49.000Z,749166,"PL","paid",8470
3541,2026-01-04 23:23:27.000Z,528367,"DE","cancelled",5964
3542,2026-01-04 23:25:17.000Z,538460,"FR","paid",9505
3543,2026-01-04 23:26:51.000Z,733637,"UK","paid",7867
3544,2026-01-04 23:28:01.000Z,887930,"US","paid",1487
3545,2026-01-04 23:29:31.000Z,421963,"UK","paid",3066
3546,2026-01-04 23:31:53.000Z,718408,"DE","paid",6413
3547,2026-01-04 23:32:51.000Z,854209,"UK","paid",5541
3548,2026-01-04 23:35:17.000Z,437318,"UK","paid",9702
3549,2026-01-04 23:36:35.000Z,927559,"DE","paid",8686
3550,2026-01-04 23:38:25.000Z,519092,"UK","paid",6439
3551,2026-01-04 23:39:43.000Z,982333,"SE","paid",155
3552,2026-01-04 23:41:13.000Z,711666,"SE","paid",500
3553,2026-01-04 23:43:03.000Z,763459,"UK","paid",4043
3554,2026-01-04 23:44:09.000Z,863808,"UK","paid",4876
3555,2026-01-04 23:46:03.000Z,199385,"SE","paid",208
3556,2026-01-04 23:47:29.000Z,866334,"FR","paid",2410
3557,2026-01-04 23:49:11.000Z,742079,"US","paid",9225
3558,2026-01-04 23:50:37.000Z,140748,"UK","paid",3695
3559,2026-01-04 23:52:43.000Z,158357,"FR","paid",7497
3560,2026-01-04 23:54:17.000Z,446954,"UK","paid",4392
3561,2026-01-04 23:55:23.000Z,649723,"FR","paid",5150
3562,2026-01-04 23:57:21.000Z,145144,"UK","paid",6309
3563,2026-01-04 23:58:39.000Z,340785,"FR","paid",9480
3564,2026-01-05 00:00:25.000Z,689334,"US","paid",4564
3565,2026-01-05 00:02:07.000Z,183479,"US","paid",8441
3566,2026-01-05 00:03:45.000Z,673380,"PL","paid",8438
3567,2026-01-05 00:05:31.000Z,378669,"UK","paid",802
3568,2026-01-05 00:07:13.000Z,275234,"DE","paid",4254
3569,2026-01-05 00:09:15.000Z,474579,"FR","paid",7184
3570,2026-01-05 00:09:53.000Z,653680,"SE","paid",7946
3571,2026-01-05 00:12:15.000Z,601705,"UK","paid",4383
3572,2026-01-05 00:13:41.000Z,217454,"UK","paid",6630
3573,2026-01-05 00:15:15.000Z,487631,"PL","paid",2819
3574,2026-01-05 00:16:49.000Z,881948,"US","paid",176
3575,2026-01-05 00:18:55.000Z,553477,"DE","paid",9070
3576,2026-01-05 00:20:29.000Z,875674,"SE","paid",8842
3577,2026-01-05 00:21:31.000Z,104939,"DE","paid",9264
3578,2026-01-05 00:23:17.000Z,147368,"PL","paid",1451
3579,2026-01-05 00:25:11.000Z,658945,"DE","paid",5066
3580,2026-01-05 00:26:29.000Z,667686,"UK","paid",6911
3581,2026-01-05 00:28:15.000Z,816135,"PL","paid",406
3582,2026-01-05 00:29:17.000Z,516340,"FR","paid",7888
3583,2026-01-05 00:31:51.000Z,486877,"UK","paid",4425
3584,2026-01-05 00:32:37.000Z,451666,"UK","paid",4360
3585,2026-01-05 00:34:19.000Z,729891,"DE","paid",3570
3586,2026-01-05 00:36:33.000Z,143008,"DE","paid",1072
3587,2026-01-05 00:38:11.000Z,800249,"UK","paid",7945
3588,2026-01-05 00:39:13.000Z,118974,"US","refunded",3419
3589,2026-01-05 00:41:11.000Z,636735,"SE","paid",3818
3590,2026-01-05 00:42:57.000Z,740364,"UK","paid",8372
3591,2026-01-05 00:44:27.000Z,178517,"US","paid",4606
3592,2026-01-05 00:46:25.000Z,165578,"DE","paid",9365
3593,2026-01-05 00:47:43.000Z,676219,"US","paid",1056
3594,2026-01-05 00:48:41.000Z,565720,"FR","paid",9779
3595,2026-01-05 00:50:23.000Z,250065,"US","paid",757
3596,2026-01-05 00:51:57.000Z,389142,"SE","paid",7050
3597,2026-01-05 00:53:35.000Z,255703,"SE","paid",1537
3598,2026-01-05 00:55:53.000Z,934404,"UK","paid",581
3599,2026-01-05 00:57:19.000Z,355213,"UK","paid",2660
3600,2026-01-05 00:59:05.000Z,108802,"PL","refunded",5359
3601,2026-01-05 01:00:27.000Z,470227,"US","paid",3595
3602,2026-01-05 01:01:37.000Z,253840,"UK","paid",5040
3603,2026-01-05 01:03:31.000Z,325257,"UK","paid",2835
3604,2026-01-05 01:05:05.000Z,469134,"UK","paid",2617
3605,2026-01-05 01:07:23.000Z,843695,"UK","paid",8348
3606,2026-01-05 01:08:37.000Z,369852,"SE","paid",1018
3607,2026-01-05 01:10:23.000Z,883461,"PL","paid",9711
3608,2026-01-05 01:12:01.000Z,749242,"UK","paid",8717
3609,2026-01-05 01:13:47.000Z,715051,"PL","paid",8353
3610,2026-01-05 01:15:21.000Z,221128,"UK","paid",1163
3611,2026-01-05 01:16:19.000Z,720769,"PL","paid",1895
3612,2026-01-05 01:17:57.000Z,647270,"DE","paid",7090
3613,2026-01-05 01:19:27.000Z,897223,"UK","paid",4773
3614,2026-01-05 01:21:49.000Z,108148,"US","paid",5973
3615,2026-01-05 01:22:55.000Z,997437,"FR","paid",1266
3616,2026-01-05 01:24:29.000Z,899634,"FR","paid",5503
3617,2026-01-05 01:26:51.000Z,465219,"PL","paid",6849
3618,2026-01-05 01:27:29.000Z,174400,"PL","cancelled",2594
3619,2026-01-05 01:29:51.000Z,812665,"FR","paid",9669
3620,2026-01-05 01:31:17.000Z,454334,"SE","paid",624
3621,2026-01-05 01:32:23.000Z,544543,"UK","paid",3599
3622,2026-01-05 01:34:13.000Z,771596,"DE","paid",3519
3623,2026-01-05 01:35:51.000Z,840597,"SE","paid",7111
3624,2026-01-05 01:37:25.000Z,473994,"PL","paid",5765
3625,2026-01-05 01:38:51.000Z,849403,"SE","refunded",7164
3626,2026-01-05 01:40:49.000Z,404824,"US","paid",4493
3627,2026-01-05 01:42:31.000Z,956529,"SE","paid",5812
3628,2026-01-05 01:43:49.000Z,851510,"UK","paid",571
3629,2026-01-05 01:45:35.000Z,550679,"UK","paid",9619
3630,2026-01-05 01:46:57.000Z,769604,"UK","paid",5155
3631,2026-01-05 01:49:15.000Z,322765,"DE","paid",5740
3632,2026-01-05 01:50:13.000Z,203266,"UK","paid",3616
3633,2026-01-05 01:52:31.000Z,692307,"SE","paid",8773
3634,2026-01-05 01:54:05.000Z,367344,"FR","cancelled",3872
3635,2026-01-05 01:55:35.000Z,452297,"DE","paid",1891
3636,2026-01-05 01:57:05.000Z,720910,"DE","paid",455
3637,2026-01-05 01:58:27.000Z,437935,"UK","paid",1708
3638,2026-01-05 02:00:45.000Z,400476,"UK","paid",3455
3639,2026-01-05 02:02:23.000Z,358117,"UK","paid",1159
3640,2026-01-05 02:03:57.000Z,906394,"FR","paid",6470
3641,2026-01-05 02:05:15.000Z,231915,"UK","paid",4229
3642,2026-01-05 02:07:09.000Z,184712,"UK","paid",7294
3643,2026-01-05 02:08:31.000Z,988097,"UK","refunded",3122
3644,2026-01-05 02:10:29.000Z,382598,"PL","paid",2009
3645,2026-01-05 02:11:55.000Z,620007,"UK","paid",8991
3646,2026-01-05 02:12:53.000Z,590388,"SE","paid",924
3647,2026-01-05 02:14:23.000Z,184061,"US","paid",4866
3648,2026-01-05 02:16:01.000Z,831282,"US","paid",7601
3649,2026-01-05 02:17:55.000Z,686819,"UK","paid",1535
3650,2026-01-05 02:19:37.000Z,806944,"UK","refunded",8704
3651,2026-01-05 02:21:23.000Z,785113,"US","paid",9360
3652,2026-01-05 02:22:57.000Z,565150,"UK","paid",9939
3653,2026-01-05 02:24:43.000Z,700639,"FR","paid",2682
3654,2026-01-05 02:26:01.000Z,622380,"PL","paid",7353
3655,2026-01-05 02:28:03.000Z,995605,"UK","paid",559
3656,2026-01-05 02:29:53.000Z,524138,"UK","paid",9708
3657,2026-01-05 02:31:15.000Z,804443,"UK","paid",1184
3658,2026-01-05 02:32:21.000Z,460792,"SE","paid",5066
3659,2026-01-05 02:33:55.000Z,437809,"UK","paid",3339
3660,2026-01-05 02:35:49.000Z,533526,"FR","paid",4255
3661,2026-01-05 02:37:07.000Z,969527,"FR","paid",408
3662,2026-01-05 02:39:17.000Z,422660,"DE","paid",4840
3663,2026-01-05 02:40:43.000Z,826029,"PL","paid",3768
3664,2026-01-05 02:42:05.000Z,515874,"UK","paid",5411
3665,2026-01-05 02:44:19.000Z,855571,"UK","paid",8730
3666,2026-01-05 02:45:09.000Z,387344,"US","paid",2755
3667,2026-01-05 02:47:19.000Z,418697,"PL","paid",2081
3668,2026-01-05 02:48:29.000Z,523310,"PL","refunded",312
3669,2026-01-05 02:49:59.000Z,166543,"DE","paid",1051
3670,2026-01-05 02:51:45.000Z,602332,"FR","paid",1758
3671,2026-01-05 02:54:03.000Z,744933,"UK","paid",2743
3672,2026-01-05 02:55:17.000Z,236890,"US","paid",8762
3673,2026-01-05 02:56:55.000Z,846251,"UK","paid",7812
3674,2026-01-05 02:58:25.000Z,338824,"DE","paid",8968
3675,2026-01-05 03:00:15.000Z,167777,"UK","paid",8536
3676,2026-01-05 03:01:53.000Z,381318,"UK","paid",8455
3677,2026-01-05 03:03:47.000Z,253895,"DE","paid",1308
3678,2026-01-05 03:04:33.000Z,421844,"UK","paid",6547
3679,2026-01-05 03:06:43.000Z,649757,"SE","paid",7873
3680,2026-01-05 03:08:17.000Z,967154,"SE","paid",2018
3681,2026-01-05 03:09:31.000Z,441411,"UK","paid",9948
3682,2026-01-05 03:11:01.000Z,977984,"UK","paid",6865
3683,2026-01-05 03:13:19.000Z,924505,"SE","paid",3690
3684,2026-01-05 03:14:13.000Z,377982,"FR","paid",3825
3685,2026-01-05 03:16:31.000Z,360383,"US","paid",6129
3686,2026-01-05 03:17:57.000Z,145452,"UK","paid",9590
3687,2026-01-05 03:19:11.000Z,827509,"FR","paid",8358
3688,2026-01-05 03:21:37.000Z,994538,"UK","paid",7261
3689,2026-01-05 03:22:51.000Z,138555,"FR","paid",6210
3690,2026-01-05 03:24:09.000Z,536696,"UK","paid",4829
3691,2026-01-05 03:26:07.000Z,495377,"FR","paid",5969
3692,2026-01-05 03:28:01.000Z,360694,"US","paid",2026
3693,2026-01-05 03:29:35.000Z,433591,"US","paid",2069
3694,2026-01-05 03:31:05.000Z,418404,"PL","paid",3728
3695,2026-01-05 03:32:23.000Z,309965,"UK","paid",7702
3696,2026-01-05 03:33:57.000Z,479522,"DE","paid",8122
3697,2026-01-05 03:35:43.000Z,971411,"FR","paid",3518
3698,2026-01-05 03:37:21.000Z,762672,"SE","refunded",7182
3699,2026-01-05 03:38:39.000Z,135113,"UK","paid",6942
3700,2026-01-05 03:40:45.000Z,346222,"UK","paid",5516
3701,2026-01-05 03:42:15.000Z,427695,"PL","paid",7833
3702,2026-01-05 03:43:53.000Z,801436,"US","paid",2125
3703,2026-01-05 03:45:23.000Z,560709,"DE","paid",2761
3704,2026-01-05 03:46:37.000Z,308026,"SE","paid",869
3705,2026-01-05 03:48:39.000Z,461771,"DE","paid",4874
3706,2026-01-05 03:50:33.000Z,239848,"PL","paid",2489
3707,2026-01-05 03:51:39.000Z,790497,"DE","paid",2365
3708,2026-01-05 03:53:13.000Z,919494,"UK","paid",8011
3709,2026-01-05 03:55:35.000Z,888519,"PL","paid",716
3710,2026-01-05 03:56:45.000Z,142452,"FR","paid",8556
3711,2026-01-05 03:58:07.000Z,763197,"UK","paid",2019
3712,2026-01-05 04:00:09.000Z,603442,"UK","paid",806
3713,2026-01-05 04:01:59.000Z,454115,"DE","paid",1207
3714,2026-01-05 04:03:33.000Z,764192,"DE","paid",1209
3715,2026-01-05 04:04:35.000Z,594297,"UK","paid",4295
3716,2026-01-05 04:06:21.000Z,487806,"US","paid",8639
3717,2026-01-05 04:07:47.000Z,666655,"SE","paid",9319
3718,2026-01-05 04:09:57.000Z,940108,"UK","refunded",3207
3719,2026-01-05 04:11:23.000Z,953237,"US","paid",2676
3720,2026-01-05 04:12:45.000Z,573962,"DE","paid",3534
3721,2026-01-05 04:14:03.000Z,211003,"US","paid",1628
3722,2026-01-05 04:16:09.000Z,842232,"FR","paid",3060
3723,2026-01-05 04:18:07.000Z,956433,"US","paid",8301
3724,2026-01-05 04:19:21.000Z,775990,"SE","paid",3241
3725,2026-01-05 04:20:31.000Z,317143,"SE","paid",5032
3726,2026-01-05 04:22:09.000Z,495524,"UK","paid",8347
3727,2026-01-05 04:24:07.000Z,750605,"UK","paid",9436
3728,2026-01-05 04:26:17.000Z,153698,"PL","paid",8775
3729,2026-01-05 04:27:23.000Z,595027,"US","paid",1038
3730,2026-01-05 04:28:53.000Z,297840,"UK","paid",123
3731,2026-01-05 04:30:11.000Z,636041,"UK","paid",4451
3732,2026-01-05 04:32:05.000Z,993358,"UK","paid",5639
3733,2026-01-05 04:33:43.000Z,241679,"UK","paid",2282
3734,2026-01-05 04:35:09.000Z,121308,"SE","paid",2875
3735,2026-01-05 04:37:31.000Z,638853,"PL","paid",7162
3736,2026-01-05 04:38:37.000Z,530042,"UK","paid",7731
3737,2026-01-05 04:40:31.000Z,376939,"PL","paid",7599
3738,2026-01-05 04:41:53.000Z,667144,"UK","paid",417
3739,2026-01-05 04:43:55.000Z,461729,"PL","paid",1541
3740,2026-01-05 04:45:33.000Z,974310,"DE","paid",7283
3741,2026-01-05 04:47:07.000Z,750087,"UK","paid",7863
3742,2026-01-05 04:48:17.000Z,573300,"US","paid",4181
3743,2026-01-05 04:50:03.000Z,393309,"FR","paid",6172
3744,2026-01-05 04:51:49.000Z,646578,"FR","cancelled",5357
3745,2026-01-05 04:52:51.000Z,344803,"PL","paid",546
3746,2026-01-05 04:54:45.000Z,397920,"PL","paid",3048
3747,2026-01-05 04:56:35.000Z,783673,"FR","paid",4779
3748,2026-01-05 04:57:53.000Z,358014,"SE","paid",5631
3749,2026-01-05 04:59:55.000Z,882559,"UK","paid",8675
3750,2026-01-05 05:00:57.000Z,470444,"DE","paid",2178
3751,2026-01-05 05:02:39.000Z,539029,"SE","paid",3852
3752,2026-01-05 05:04:29.000Z,294122,"PL","paid",3698
3753,2026-01-05 05:05:51.000Z,626747,"SE","paid",1896
3754,2026-01-05 05:07:41.000Z,675480,"US","paid",7037
3755,2026-01-05 05:09:27.000Z,888369,"SE","paid",9589
3756,2026-01-05 05:11:17.000Z,358102,"UK","paid",1026
3757,2026-01-05 05:12:15.000Z,365623,"UK","paid",9439
3758,2026-01-05 05:13:53.000Z,506564,"UK","paid",7861
3759,2026-01-05 05:16:19.000Z,391533,"DE","paid",7372
3760,2026-01-05 05:17:53.000Z,308130,"UK","paid",3640
3761,2026-01-05 05:19:07.000Z,561907,"SE","paid",3016
3762,2026-01-05 05:20:45.000Z,736688,"FR","paid",1020
3763,2026-01-05 05:22:27.000Z,647113,"DE","paid",5798
3764,2026-01-05 05:24:13.000Z,504142,"DE","refunded",3724
3765,2026-01-05 05:25:51.000Z,998063,"UK","paid",6506
3766,2026-01-05 05:27:17.000Z,582972,"UK","refunded",4352
3767,2026-01-05 05:29:19.000Z,278437,"UK","paid",1178
3768,2026-01-05 05:30:53.000Z,772474,"FR","paid",5265
3769,2026-01-05 05:32:03.000Z,952267,"UK","paid",4259
3770,2026-01-05 05:33:53.000Z,421160,"UK","paid",4340
3771,2026-01-05 05:35:11.000Z,778081,"UK","paid",6613
3772,2026-01-05 05:36:29.000Z,358662,"PL","paid",6545
3773,2026-01-05 05:38:07.000Z,119623,"UK","paid",2992
3774,2026-01-05 05:40:25.000Z,765684,"SE","paid",3396
3775,2026-01-05 05:41:19.000Z,323741,"US","paid",9820
3776,2026-01-05 05:43:33.000Z,745938,"US","cancelled",7227
3777,2026-01-05 05:45:23.000Z,762691,"UK","paid",8460
3778,2026-01-05 05:46:49.000Z,267200,"UK","paid",1174
3779,2026-01-05 05:48:15.000Z,822009,"US","paid",3398
3780,2026-01-05 05:49:37.000Z,120414,"UK","paid",250
3781,2026-01-05 05:51:35.000Z,107775,"FR","paid",2079
3782,2026-01-05 05:53:29.000Z,814412,"PL","paid",3116
3783,2026-01-05 05:54:43.000Z,816789,"UK","paid",1612
3784,2026-01-05 05:56:13.000Z,913322,"UK","paid",2676
3785,2026-01-05 05:58:11.000Z,618203,"UK","refunded",9112
3786,2026-01-05 06:00:01.000Z,557496,"SE","paid",698
3787,2026-01-05 06:01:35.000Z,649713,"UK","paid",2600
3788,2026-01-05 06:03:09.000Z,803190,"FR","paid",4042
3789,2026-01-05 06:04:23.000Z,161047,"FR","paid",6984
3790,2026-01-05 06:06:25.000Z,501572,"DE","paid",3358
3791,2026-01-05 06:07:15.000Z,525645,"PL","paid",8488
3792,2026-01-05 06:08:53.000Z,622786,"UK","paid",8023
3793,2026-01-05 06:10:31.000Z,351347,"UK","paid",9129
3794,2026-01-05 06:12:13.000Z,127792,"US","cancelled",8027
3795,2026-01-05 06:14:11.000Z,352393,"PL","paid",4969
3796,2026-01-05 06:15:53.000Z,119118,"PL","paid",8037
3797,2026-01-05 06:17:39.000Z,490287,"DE","paid",3645
3798,2026-01-05 06:18:29.000Z,637660,"FR","paid",9748
3799,2026-01-05 06:20:39.000Z,111493,"UK","paid",7902
3800,2026-01-05 06:22:29.000Z,798746,"US","paid",7813
3801,2026-01-05 06:24:07.000Z,626667,"UK","paid",9126
3802,2026-01-05 06:25:21.000Z,676264,"DE","paid",1167
3803,2026-01-05 06:26:39.000Z,210945,"UK","paid",1331
3804,2026-01-05 06:28:29.000Z,202918,"UK","refunded",1807
3805,2026-01-05 06:30:03.000Z,580135,"DE","paid",9053
3806,2026-01-05 06:32:09.000Z,868404,"UK","paid",8303
3807,2026-01-05 06:33:23.000Z,389341,"SE","paid",8551
3808,2026-01-05 06:35:05.000Z,444786,"SE","paid",6700
3809,2026-01-05 06:37:03.000Z,351747,"UK","paid",2356
3810,2026-01-05 06:38:45.000Z,999392,"UK","refunded",1047
3811,2026-01-05 06:39:43.000Z,597113,"SE","paid",1000
3812,2026-01-05 06:41:21.000Z,407934,"FR","paid",3165
3813,2026-01-05 06:43:07.000Z,229503,"US","paid",7430
3814,2026-01-05 06:44:41.000Z,563820,"UK","paid",5070
3815,2026-01-05 06:46:27.000Z,835029,"FR","cancelled",3327
3816,2026-01-05 06:48:33.000Z,216458,"UK","paid",4946
3817,2026-01-05 06:50:07.000Z,698075,"FR","paid",9298
3818,2026-01-05 06:50:57.000Z,181368,"UK","paid",5270
3819,2026-01-05 06:53:11.000Z,257425,"FR","paid",2493
3820,2026-01-05 06:54:49.000Z,143126,"US","paid",4721
3821,2026-01-05 06:55:55.000Z,105655,"US","paid",308
3822,2026-01-05 06:57:45.000Z,811748,"PL","paid",7438
3823,2026-01-05 06:59:47.000Z,827853,"UK","paid",9355
3824,2026-01-05 07:01:13.000Z,253282,"DE","paid",8421
3825,2026-01-05 07:02:55.000Z,471987,"FR","paid",4217
3826,2026-01-05 07:03:45.000Z,610000,"SE","paid",5033
3827,2026-01-05 07:05:47.000Z,159785,"UK","paid",186
3828,2026-01-05 07:07:05.000Z,847246,"UK","paid",1537
3829,2026-01-05 07:09:23.000Z,848367,"PL","paid",7995
3830,2026-01-05 07:10:49.000Z,817756,"US","paid",4066
3831,2026-01-05 07:12:23.000Z,303013,"DE","paid",9084
3832,2026-01-05 07:13:49.000Z,182522,"SE","paid",9160
3833,2026-01-05 07:15:19.000Z,668395,"DE","paid",1836
3834,2026-01-05 07:17:21.000Z,711560,"PL","paid",6020
3835,2026-01-05 07:19:03.000Z,971905,"DE","paid",3800
3836,2026-01-05 07:20:17.000Z,505862,"UK","paid",3371
3837,2026-01-05 07:21:35.000Z,536743,"PL","paid",7965
3838,2026-01-05 07:24:05.000Z,244116,"FR","paid",3636
3839,2026-01-05 07:25:03.000Z,439677,"UK","paid",8173
3840,2026-01-05 07:26:57.000Z,562034,"UK","paid",4948
3841,2026-01-05 07:28:03.000Z,585283,"DE","paid",4208
3842,2026-01-05 07:30:05.000Z,593888,"DE","paid",5819
3843,2026-01-05 07:31:55.000Z,304281,"UK","paid",2261
3844,2026-01-05 07:33:09.000Z,721918,"US","paid",9638
3845,2026-01-05 07:35:07.000Z,271519,"SE","paid",4483
3846,2026-01-05 07:36:25.000Z,307980,"UK","paid",9110
3847,2026-01-05 07:37:43.000Z,975221,"US","paid",4729
3848,2026-01-05 07:40:09.000Z,131370,"DE","refunded",5147
3849,2026-01-05 07:41:23.000Z,839227,"US","paid",6640
3850,2026-01-05 07:43:05.000Z,379512,"FR","paid",9148
3851,2026-01-05 07:44:51.000Z,119601,"US","paid",8046
3852,2026-01-05 07:46:01.000Z,427254,"SE","refunded",1127
3853,2026-01-05 07:47:31.000Z,689207,"SE","paid",2172
3854,2026-01-05 07:49:29.000Z,982148,"UK","paid",5437
3855,2026-01-05 07:50:55.000Z,589677,"UK","paid",4392
3856,2026-01-05 07:52:17.000Z,949122,"PL","paid",9959
3857,2026-01-05 07:54:15.000Z,578163,"US","paid",8197
3858,2026-01-05 07:56:21.000Z,794192,"UK","paid",3319
3859,2026-01-05 07:57:51.000Z,135625,"UK","paid",2167
3860,2026-01-05 07:58:57.000Z,682254,"UK","refunded",1692
3861,2026-01-05 08:01:07.000Z,773487,"UK","paid",3961
3862,2026-01-05 08:01:57.000Z,869500,"SE","paid",4448
3863,2026-01-05 08:04:15.000Z,467301,"PL","refunded",4949
3864,2026-01-05 08:05:57.000Z,589466,"UK","paid",4390
3865,2026-01-05 08:07:27.000Z,340459,"PL","paid",8237
3866,2026-01-05 08:08:37.000Z,861832,"UK","paid",1604
3867,2026-01-05 08:10:27.000Z,514625,"PL","paid",4604
3868,2026-01-05 08:12:01.000Z,218342,"DE","paid",5727
3869,2026-01-05 08:14:07.000Z,596551,"UK","cancelled",4552
3870,2026-01-05 08:15:49.000Z,420276,"US","paid",5033
3871,2026-01-05 08:17:23.000Z,924573,"FR","paid",2030
3872,2026-01-05 08:18:17.000Z,994130,"FR","paid",1559
3873,2026-01-05 08:19:47.000Z,931363,"PL","paid",2999
3874,2026-01-05 08:22:09.000Z,889408,"PL","paid",5610
3875,2026-01-05 08:23:51.000Z,613593,"FR","paid",4960
3876,2026-01-05 08:25:21.000Z,332126,"SE","paid",9430
3877,2026-01-05 08:26:35.000Z,977823,"UK","paid",3740
3878,2026-01-05 08:28:25.000Z,917356,"DE","paid",8021
3879,2026-01-05 08:30:15.000Z,168149,"SE","paid",222
3880,2026-01-05 08:31:09.000Z,679786,"PL","paid",6647
3881,2026-01-05 08:32:59.000Z,578459,"SE","paid",8636
3882,2026-01-05 08:34:25.000Z,172728,"US","paid",8734
3883,2026-01-05 08:36:35.000Z,700881,"SE","paid",3298
3884,2026-01-05 08:37:45.000Z,773334,"UK","paid",5620
3885,2026-01-05 08:40:07.000Z,438039,"UK","paid",6990
3886,2026-01-05 08:41:33.000Z,504388,"UK","paid",5751
3887,2026-01-05 08:42:47.000Z,519245,"DE","paid",5669
3888,2026-01-05 08:44:33.000Z,502754,"UK","paid",7923
3889,2026-01-05 08:46:31.000Z,935315,"SE","cancelled",8407
3890,2026-01-05 08:47:33.000Z,263280,"FR","paid",1955
3891,2026-01-05 08:49:31.000Z,486441,"DE","paid",6478
3892,2026-01-05 08:50:53.000Z,986286,"DE","paid",666
3893,2026-01-05 08:53:03.000Z,519759,"UK","paid",7513
3894,2026-01-05 08:54:25.000Z,820284,"UK","paid",9845
3895,2026-01-05 08:55:59.000Z,651621,"UK","paid",3882
3896,2026-01-05 08:57:33.000Z,962778,"FR","paid",6803
3897,2026-01-05 08:58:47.000Z,667915,"UK","paid",565
3898,2026-01-05 09:00:57.000Z,968488,"UK","paid",6267
3899,2026-01-05 09:02:43.000Z,200257,"UK","paid",8055
3900,2026-01-05 09:03:33.000Z,425030,"PL","paid",9406
3901,2026-01-05 09:05:59.000Z,721479,"UK","paid",3034
3902,2026-01-05 09:07:17.000Z,170900,"SE","paid",1688
3903,2026-01-05 09:08:19.000Z,843165,"US","paid",1939
3904,2026-01-05 09:09:53.000Z,129522,"US","paid",7321
3905,2026-01-05 09:12:15.000Z,903747,"UK","paid",2989
3906,2026-01-05 09:13:49.000Z,196704,"UK","paid",8032
3907,2026-01-05 09:15:19.000Z,702617,"US","paid",807
3908,2026-01-05 09:17:17.000Z,809438,"UK","paid",7422
3909,2026-01-05 09:18:03.000Z,396287,"FR","paid",6431
3910,2026-01-05 09:19:37.000Z,425324,"PL","cancelled",8159
3911,2026-01-05 09:21:39.000Z,393909,"UK","paid",2681
3912,2026-01-05 09:23:37.000Z,542730,"UK","paid",3389
3913,2026-01-05 09:24:35.000Z,712731,"UK","paid",1348
3914,2026-01-05 09:26:01.000Z,788440,"SE","paid",6371
3915,2026-01-05 09:28:07.000Z,658929,"UK","paid",2932
3916,2026-01-05 09:29:25.000Z,151190,"FR","paid",4844
3917,2026-01-05 09:30:55.000Z,415063,"FR","paid",735
3918,2026-01-05 09:33:09.000Z,302180,"DE","paid",7252
3919,2026-01-05 09:34:15.000Z,690349,"PL","paid",4536
3920,2026-01-05 09:35:49.000Z,116866,"UK","paid",6743
3921,2026-01-05 09:37:27.000Z,138227,"UK","paid",7052
3922,2026-01-05 09:39:41.000Z,639504,"US","paid",6783
3923,2026-01-05 09:41:15.000Z,260841,"PL","paid",968
3924,2026-01-05 09:42:17.000Z,922606,"PL","paid",5743
3925,2026-01-05 09:44:03.000Z,428815,"DE","paid",5144
3926,2026-01-05 09:46:21.000Z,811356,"FR","paid",1845
3927,2026-01-05 09:47:11.000Z,352549,"UK","cancelled",3037
3928,2026-01-05 09:49:29.000Z,872250,"US","paid",9552
3929,2026-01-05 09:51:03.000Z,837867,"UK","paid",6344
3930,2026-01-05 09:52:25.000Z,777672,"DE","paid",7173
3931,2026-01-05 09:53:39.000Z,881089,"UK","paid",2081
3932,2026-01-05 09:55:25.000Z,429958,"UK","paid",8199
3933,2026-01-05 09:56:55.000Z,793671,"DE","paid",8675
3934,2026-01-05 09:59:17.000Z,351156,"UK","paid",4211
3935,2026-01-05 10:00:47.000Z,527549,"SE","paid",8074
3936,2026-01-05 10:02:25.000Z,101490,"SE","paid",914
3937,2026-01-05 10:03:31.000Z,627299,"UK","paid",5561
3938,2026-01-05 10:04:53.000Z,749504,"UK","paid",7252
3939,2026-01-05 10:07:11.000Z,223705,"SE","paid",4313
3940,2026-01-05 10:08:33.000Z,793150,"FR","paid",2988
3941,2026-01-05 10:10:35.000Z,178655,"US","paid",4522
3942,2026-01-05 10:12:13.000Z,997356,"UK","paid",6357
3943,2026-01-05 10:13:31.000Z,465557,"FR","paid",3444
3944,2026-01-05 10:14:49.000Z,827818,"UK","paid",8771
3945,2026-01-05 10:16:59.000Z,619291,"FR","paid",4262
3946,2026-01-05 10:18:29.000Z,826104,"UK","refunded",2094
3947,2026-01-05 10:19:35.000Z,507953,"FR","paid",6898
3948,2026-01-05 10:21:17.000Z,648118,"US","paid",975
3949,2026-01-05 10:22:55.000Z,954359,"US","paid",8788
3950,2026-01-05 10:24:49.000Z,345796,"PL","paid",2172
3951,2026-01-05 10:26:03.000Z,626093,"UK","paid",919
3952,2026-01-05 10:27:57.000Z,637090,"DE","refunded",1009
3953,2026-01-05 10:29:07.000Z,260083,"FR","paid",2636
3954,2026-01-05 10:30:45.000Z,100784,"SE","paid",1121
3955,2026-01-05 10:32:27.000Z,698569,"UK","cancelled",6602
3956,2026-01-05 10:34:05.000Z,490190,"UK","paid",7978
3957,2026-01-05 10:36:07.000Z,595215,"PL","paid",5014
3958,2026-01-05 10:37:21.000Z,114172,"US","paid",4483
3959,2026-01-05 10:39:19.000Z,315973,"DE","paid",8143
3960,2026-01-05 10:40:33.000Z,346970,"SE","paid",6263
3961,2026-01-05 10:42:27.000Z,899467,"DE","paid",9386
3962,2026-01-05 10:44:01.000Z,358504,"PL","paid",7742
3963,2026-01-05 10:45:59.000Z,200545,"DE","paid",7727
3964,2026-01-05 10:47:09.000Z,938278,"UK","paid",1120
3965,2026-01-05 10:48:39.000Z,364551,"PL","paid",9219
3966,2026-01-05 10:50:21.000Z,213716,"FR","paid",5432
3967,2026-01-05 10:52:27.000Z,575485,"UK","paid",9796
3968,2026-01-05 10:54:05.000Z,551666,"UK","paid",2330
3969,2026-01-05 10:55:39.000Z,523523,"DE","paid",6341
3970,2026-01-05 10:56:49.000Z,437216,"DE","paid",4620
3971,2026-01-05 10:58:59.000Z,853049,"UK","paid",4530
3972,2026-01-05 11:00:01.000Z,490974,"US","paid",9801
3973,2026-01-05 11:01:31.000Z,913247,"SE","paid",1332
3974,2026-01-05 11:03:37.000Z,161836,"UK","cancelled",3117
3975,2026-01-05 11:05:27.000Z,529109,"US","paid",2006
3976,2026-01-05 11:06:21.000Z,652906,"DE","paid",5728
3977,2026-01-05 11:08:39.000Z,935547,"US","paid",5528
3978,2026-01-05 11:10:05.000Z,840856,"FR","paid",3121
3979,2026-01-05 11:11:11.000Z,336945,"US","refunded",8247
3980,2026-01-05 11:13:01.000Z,603478,"SE","paid",173
3981,2026-01-05 11:15:15.000Z,342935,"SE","paid",8895
3982,2026-01-05 11:16:49.000Z,803012,"UK","paid",4567
3983,2026-01-05 11:17:55.000Z,282541,"UK","paid",2900
3984,2026-01-05 11:20:01.000Z,835650,"PL","refunded",4767
3985,2026-01-05 11:20:55.000Z,552467,"US","paid",9764
3986,2026-01-05 11:22:25.000Z,580720,"UK","paid",5170
3987,2026-01-05 11:24:03.000Z,479561,"UK","refunded",9394
3988,2026-01-05 11:25:57.000Z,921838,"UK","paid",4473
3989,2026-01-05 11:27:55.000Z,301039,"UK","paid",5603
3990,2026-01-05 11:29:01.000Z,164988,"SE","paid",3397
3991,2026-01-05 11:30:59.000Z,904389,"PL","paid",2977
3992,2026-01-05 11:33:01.000Z,209914,"UK","paid",9193
3993,2026-01-05 11:34:31.000Z,780267,"PL","paid",9603
3994,2026-01-05 11:35:25.000Z,835784,"UK","cancelled",8674
3995,2026-01-05 11:37:23.000Z,693185,"PL","paid",9851
3996,2026-01-05 11:39:25.000Z,539910,"DE","paid",1887
3997,2026-01-05 11:40:51.000Z,140359,"UK","paid",1705
3998,2026-01-05 11:42:29.000Z,841460,"US","paid",1033
3999,2026-01-05 11:44:07.000Z,301341,"FR","paid",4213
4000,2026-01-05 11:45:33.000Z,115570,"FR","paid",689
4001,2026-01-05 11:46:47.000Z,725027,"PL","paid",7976
4002,2026-01-05 11:48:21.000Z,653984,"PL","paid",9899
4003,2026-01-05 11:50:35.000Z,408921,"FR","paid",2590
4004,2026-01-05 11:51:49.000Z,779038,"SE","paid",6330
4005,2026-01-05 11:53:35.000Z,408607,"UK","refunded",1224
4006,2026-01-05 11:55:29.000Z,479244,"DE","paid",9220
4007,2026-01-05 11:56:47.000Z,996245,"SE","refunded",6847
4008,2026-01-05 11:58:01.000Z,662442,"PL","paid",6547
4009,2026-01-05 12:00:19.000Z,962843,"SE","paid",6508
4010,2026-01-05 12:01:37.000Z,559864,"US","paid",4459
4011,2026-01-05 12:03:03.000Z,626033,"SE","paid",3446
4012,2026-01-05 12:04:33.000Z,825046,"UK","refunded",3094
4013,2026-01-05 12:06:35.000Z,471671,"UK","paid",9138
4014,2026-01-05 12:08:17.000Z,322756,"UK","paid",405
4015,2026-01-05 12:09:43.000Z,132365,"DE","paid",6513
4016,2026-01-05 12:11:09.000Z,927714,"UK","paid",2423
4017,2026-01-05 12:12:51.000Z,312659,"SE","paid",8814
4018,2026-01-05 12:14:09.000Z,652240,"FR","paid",6299
4019,2026-01-05 12:16:19.000Z,725833,"DE","paid",7442
4020,2026-01-05 12:18:13.000Z,769710,"DE","paid",5387
4021,2026-01-05 12:19:39.000Z,632239,"UK","paid",6023
4022,2026-01-05 12:21:33.000Z,713916,"UK","paid",6458
4023,2026-01-05 12:22:31.000Z,945957,"UK","refunded",9997
4024,2026-01-05 12:23:57.000Z,759706,"FR","paid",1786
4025,2026-01-05 12:26:23.000Z,453515,"UK","paid",2383
4026,2026-01-05 12:27:49.000Z,706344,"UK","paid",8362
4027,2026-01-05 12:29:35.000Z,868353,"UK","paid",6218
4028,2026-01-05 12:31:01.000Z,209542,"PL","paid",9230
4029,2026-01-05 12:32:27.000Z,663911,"UK","paid",4431
4030,2026-01-05 12:33:33.000Z,898420,"SE","cancelled",8104
4031,2026-01-05 12:35:35.000Z,352445,"US","paid",6493
4032,2026-01-05 12:36:57.000Z,922610,"US","paid",3739
4033,2026-01-05 12:38:31.000Z,426467,"UK","paid",9002
4034,2026-01-05 12:40:25.000Z,584224,"UK","paid",8685
4035,2026-01-05 12:42:31.000Z,533433,"US","paid",3865
4036,2026-01-05 12:43:57.000Z,250942,"UK","paid",6373
4037,2026-01-05 12:45:19.000Z,244447,"FR","refunded",8372
4038,2026-01-05 12:47:25.000Z,605676,"PL","paid",342
4039,2026-01-05 12:48:07.000Z,178901,"UK","paid",4083
4040,2026-01-05 12:50:41.000Z,243818,"UK","paid",3782
4041,2026-01-05 12:51:31.000Z,446331,"UK","paid",6516
4042,2026-01-05 12:52:57.000Z,116920,"SE","refunded",7059
4043,2026-01-05 12:55:15.000Z,446481,"UK","paid",2281
4044,2026-01-05 12:56:41.000Z,738070,"FR","paid",6126
4045,2026-01-05 12:58:15.000Z,618967,"FR","paid",7915
4046,2026-01-05 12:59:33.000Z,116868,"DE","paid",9026
4047,2026-01-05 13:01:55.000Z,830253,"PL","cancelled",7284
4048,2026-01-05 13:02:57.000Z,122338,"UK","paid",6915
4049,2026-01-05 13:05:15.000Z,516339,"UK","paid",6167
4050,2026-01-05 13:05:57.000Z,760304,"US","paid",9366
4051,2026-01-05 13:08:27.000Z,250537,"PL","paid",2256
4052,2026-01-05 13:10:05.000Z,803438,"PL","refunded",6712
4053,2026-01-05 13:11:31.000Z,544047,"DE","paid",7666
4054,2026-01-05 13:12:37.000Z,641276,"FR","paid",4586
4055,2026-01-05 13:14:31.000Z,769093,"UK","paid",9500
4056,2026-01-05 13:16:09.000Z,556154,"US","paid",5091
4057,2026-01-05 13:17:39.000Z,754507,"UK","paid",8702
4058,2026-01-05 13:19:13.000Z,506344,"DE","paid",2064
4059,2026-01-05 13:20:59.000Z,359233,"UK","paid",8732
4060,2026-01-05 13:22:09.000Z,773926,"UK","paid",6060
4061,2026-01-05 13:24:39.000Z,514599,"DE","paid",7448
4062,2026-01-05 13:26:09.000Z,146132,"UK","paid",6163
4063,2026-01-05 13:27:15.000Z,658141,"SE","paid",1600
4064,2026-01-05 13:28:57.000Z,810546,"SE","paid",1140
4065,2026-01-05 13:30:55.000Z,584547,"UK","paid",3842
4066,2026-01-05 13:32:21.000Z,300736,"UK","paid",4478
4067,2026-01-05 13:34:15.000Z,559833,"SE","paid",7243
4068,2026-01-05 13:35:57.000Z,135998,"FR","paid",7503
4069,2026-01-05 13:37:15.000Z,769759,"US","paid",9426
4070,2026-01-05 13:38:25.000Z,712972,"UK","paid",1624
4071,2026-01-05 13:40:39.000Z,171029,"FR","paid",9025
4072,2026-01-05 13:42:25.000Z,311018,"UK","paid",9436
4073,2026-01-05 13:43:31.000Z,160507,"FR","paid",9826
4074,2026-01-05 13:45:21.000Z,534200,"UK","paid",9979
4075,2026-01-05 13:46:55.000Z,244337,"FR","paid",7639
4076,2026-01-05 13:48:45.000Z,603510,"US","cancelled",9229
4077,2026-01-05 13:49:43.000Z,716151,"US","paid",5495
4078,2026-01-05 13:51:21.000Z,212932,"PL","refunded",234
4079,2026-01-05 13:53:23.000Z,114797,"UK","cancelled",7667
4080,2026-01-05 13:55:05.000Z,871522,"DE","paid",1541
4081,2026-01-05 13:56:55.000Z,301235,"FR","paid",4091
4082,2026-01-05 13:57:45.000Z,772848,"SE","paid",5789
4083,2026-01-05 14:00:11.000Z,707017,"UK","paid",9902
4084,2026-01-05 14:00:53.000Z,577422,"UK","paid",9248
4085,2026-01-05 14:02:47.000Z,230159,"PL","paid",1008
4086,2026-01-05 14:04:53.000Z,992188,"US","paid",9701
4087,2026-01-05 14:06:03.000Z,800581,"DE","paid",1490
4088,2026-01-05 14:08:05.000Z,251066,"SE","paid",1854
4089,2026-01-05 14:08:59.000Z,429643,"DE","paid",7060
4090,2026-01-05 14:11:25.000Z,111272,"PL","paid",1709
4091,2026-01-05 14:12:19.000Z,341089,"DE","paid",1777
4092,2026-01-05 14:14:01.000Z,860934,"UK","paid",308
4093,2026-01-05 14:16:19.000Z,159335,"PL","paid",1028
4094,2026-01-05 14:17:29.000Z,259988,"FR","paid",6860
4095,2026-01-05 14:18:47.000Z,848029,"UK","paid",1634
4096,2026-01-05 14:21:05.000Z,461970,"UK","paid",9844
4097,2026-01-05 14:22:39.000Z,401667,"DE","paid",2198
4098,2026-01-05 14:24:17.000Z,115648,"DE","paid",7546
4099,2026-01-05 14:25:27.000Z,379801,"UK","paid",4304
4100,2026-01-05 14:27:21.000Z,364638,"US","paid",2613
4101,2026-01-05 14:28:27.000Z,537407,"SE","paid",1572
4102,2026-01-05 14:30:41.000Z,835884,"UK","paid",2276
4103,2026-01-05 14:31:43.000Z,883189,"US","paid",5135
4104,2026-01-05 14:33:21.000Z,520970,"DE","paid",5876
4105,2026-01-05 14:34:55.000Z,758267,"US","paid",7116
4106,2026-01-05 14:36:45.000Z,289560,"FR","paid",9554
4107,2026-01-05 14:38:59.000Z,773137,"US","paid",6436
4108,2026-01-05 14:40:05.000Z,283446,"SE","paid",7684
4109,2026-01-05 14:41:51.000Z,614775,"SE","paid",3191
4110,2026-01-05 14:43:29.000Z,417796,"UK","paid",7317
4111,2026-01-05 14:45:19.000Z,239309,"UK","paid",533
4112,2026-01-05 14:46:09.000Z,686562,"PL","paid",9679
4113,2026-01-05 14:48:15.000Z,650771,"US","paid",331
4114,2026-01-05 14:49:45.000Z,462544,"UK","paid",5298
4115,2026-01-05 14:51:43.000Z,874345,"UK","paid",8610
4116,2026-01-05 14:53:29.000Z,481774,"UK","paid",7467
4117,2026-01-05 14:54:35.000Z,369903,"UK","paid",8918
4118,2026-01-05 14:56:29.000Z,141980,"SE","paid",6870
4119,2026-01-05 14:57:35.000Z,351109,"PL","paid",2796
4120,2026-01-05 14:59:41.000Z,390138,"UK","cancelled",3352
4121,2026-01-05 15:00:47.000Z,154667,"PL","paid",721
4122,2026-01-05 15:02:37.000Z,285000,"UK","paid",7429
4123,2026-01-05 15:04:43.000Z,245729,"PL","paid",4501
4124,2026-01-05 15:06:13.000Z,750502,"DE","paid",3892
4125,2026-01-05 15:07:43.000Z,885255,"UK","cancelled",6187
4126,2026-01-05 15:09:21.000Z,329236,"US","paid",4485
4127,2026-01-05 15:10:35.000Z,817373,"FR","paid",7879
4128,2026-01-05 15:12:41.000Z,935122,"FR","paid",8090
4129,2026-01-05 15:14:35.000Z,674979,"PL","paid",581
4130,2026-01-05 15:16:01.000Z,496768,"PL","refunded",5637
4131,2026-01-05 15:17:19.000Z,925209,"FR","paid",1180
4132,2026-01-05 15:18:41.000Z,468414,"SE","paid",9613
4133,2026-01-05 15:20:39.000Z,887775,"UK","paid",2013
4134,2026-01-05 15:22:17.000Z,390316,"DE","paid",3023
4135,2026-01-05 15:23:39.000Z,858901,"SE","paid",3832
4136,2026-01-05 15:25:13.000Z,508138,"PL","paid",3588
4137,2026-01-05 15:26:47.000Z,154555,"SE","paid",4748
4138,2026-01-05 15:28:53.000Z,800184,"US","paid",8887
4139,2026-01-05 15:30:11.000Z,393905,"SE","paid",9215
4140,2026-01-05 15:32:01.000Z,141078,"UK","paid",1989
4141,2026-01-05 15:33:19.000Z,337559,"UK","paid",2121
4142,2026-01-05 15:34:53.000Z,986756,"UK","paid",4951
4143,2026-01-05 15:36:19.000Z,541005,"DE","paid",5477
4144,2026-01-05 15:38:29.000Z,739938,"UK","paid",3207
4145,2026-01-05 15:39:51.000Z,543123,"SE","paid",9141
4146,2026-01-05 15:41:05.000Z,825040,"FR","paid",4182
4147,2026-01-05 15:42:47.000Z,571785,"DE","paid",1065
4148,2026-01-05 15:44:37.000Z,424078,"DE","paid",1472
4149,2026-01-05 15:46:51.000Z,913775,"UK","paid",4570
4150,2026-01-05 15:48:25.000Z,347132,"UK","paid",2575
4151,2026-01-05 15:49:11.000Z,713381,"UK","paid",9940
4152,2026-01-05 15:50:57.000Z,262010,"FR","paid",1125
4153,2026-01-05 15:53:03.000Z,651019,"UK","paid",8225
4154,2026-01-05 15:54:57.000Z,314376,"UK","paid",5912
4155,2026-01-05 15:55:39.000Z,147041,"UK","paid",8533
4156,2026-01-05 15:58:13.000Z,240038,"PL","paid",4658
4157,2026-01-05 15:59:31.000Z,299719,"UK","paid",5385
4158,2026-01-05 16:01:17.000Z,540628,"SE","paid",5248
4159,2026-01-05 16:02:19.000Z,161693,"US","paid",9155
4160,2026-01-05 16:04:25.000Z,398482,"US","paid",3060
4161,2026-01-05 16:06:11.000Z,447331,"UK","paid",879
4162,2026-01-05 16:07:01.000Z,267584,"UK","paid",3579
4163,2026-01-05 16:09:23.000Z,170009,"US","paid",6183
4164,2026-01-05 16:10:17.000Z,981886,"UK","cancelled",9564
4165,2026-01-05 16:11:59.000Z,381471,"FR","paid",9196
4166,2026-01-05 16:14:01.000Z,789676,"PL","paid",6614
4167,2026-01-05 16:15:23.000Z,623701,"UK","refunded",6132
4168,2026-01-05 16:17:25.000Z,198986,"UK","paid",4455
4169,2026-01-05 16:18:39.000Z,726363,"UK","paid",4976
4170,2026-01-05 16:20:17.000Z,122584,"SE","cancelled",7952
4171,2026-01-05 16:21:35.000Z,809745,"UK","cancelled",8902
4172,2026-01-05 16:23:33.000Z,558966,"FR","paid",5705
4173,2026-01-05 16:24:55.000Z,560151,"FR","refunded",5274
4174,2026-01-05 16:26:49.000Z,321668,"DE","paid",772
4175,2026-01-05 16:28:43.000Z,622765,"PL","paid",1581
4176,2026-01-05 16:30:05.000Z,696130,"UK","paid",4807
4177,2026-01-05 16:31:47.000Z,718515,"UK","paid",1066
4178,2026-01-05 16:32:49.000Z,478960,"US","paid",5086
4179,2026-01-05 16:35:11.000Z,993385,"PL","paid",2856
4180,2026-01-05 16:36:25.000Z,163982,"PL","paid",5253
4181,2026-01-05 16:37:47.000Z,748847,"DE","refunded",2197
4182,2026-01-05 16:39:17.000Z,377980,"FR","paid",5731
4183,2026-01-05 16:41:03.000Z,996709,"UK","paid",7395
4184,2026-01-05 16:43:13.000Z,765562,"US","paid",5753
4185,2026-01-05 16:44:43.000Z,467595,"UK","paid",6048
4186,2026-01-05 16:46:13.000Z,541928,"DE","paid",926
4187,2026-01-05 16:47:31.000Z,510049,"UK","paid",8915
4188,2026-01-05 16:49:53.000Z,779014,"UK","paid",4340
4189,2026-01-05 16:50:47.000Z,430311,"DE","paid",1926
4190,2026-01-05 16:52:49.000Z,545716,"UK","paid",6663
4191,2026-01-05 16:53:59.000Z,291229,"SE","paid",4502
4192,2026-01-05 16:55:53.000Z,179826,"SE","cancelled",2409
4193,2026-01-05 16:57:15.000Z,439971,"UK","cancelled",1279
4194,2026-01-05 16:59:25.000Z,207264,"UK","paid",3480
4195,2026-01-05 17:00:51.000Z,811993,"SE","paid",2165
4196,2026-01-05 17:01:57.000Z,806142,"FR","paid",295
4197,2026-01-05 17:03:35.000Z,848383,"US","paid",4051
4198,2026-01-05 17:05:25.000Z,944876,"UK","paid",7919
4199,2026-01-05 17:07:07.000Z,403381,"FR","paid",587
4200,2026-01-05 17:08:57.000Z,397514,"UK","paid",8777
4201,2026-01-05 17:10:39.000Z,396379,"FR","paid",5526
4202,2026-01-05 17:11:53.000Z,801656,"UK","paid",4824
4203,2026-01-05 17:13:55.000Z,347601,"FR","paid",2660
4204,2026-01-05 17:15:33.000Z,537142,"US","paid",8324
4205,2026-01-05 17:16:51.000Z,978423,"US","paid",6783
4206,2026-01-05 17:18:25.000Z,705540,"PL","paid",4028
4207,2026-01-05 17:19:59.000Z,604077,"UK","paid",5371
4208,2026-01-05 17:22:17.000Z,929858,"DE","paid",6697
4209,2026-01-05 17:23:43.000Z,162867,"FR","paid",1526
4210,2026-01-05 17:25:17.000Z,647664,"SE","paid",9168
4211,2026-01-05 17:26:55.000Z,291625,"UK","paid",2461
4212,2026-01-05 17:28:01.000Z,862254,"UK","paid",8317
4213,2026-01-05 17:29:59.000Z,482415,"PL","paid",7175
4214,2026-01-05 17:31:17.000Z,918716,"US","paid",7890
4215,2026-01-05 17:33:07.000Z,576069,"DE","paid",8418
4216,2026-01-05 17:34:53.000Z,642618,"SE","paid",8081
4217,2026-01-05 17:36:43.000Z,249931,"DE","paid",4506
4218,2026-01-05 17:37:53.000Z,565864,"PL","cancelled",3419
4219,2026-01-05 17:39:31.000Z,307265,"DE","paid",4520
4220,2026-01-05 17:41:21.000Z,885318,"UK","cancelled",9064
4221,2026-01-05 17:43:07.000Z,608487,"PL","paid",9646
4222,2026-01-05 17:44:41.000Z,758964,"FR","paid",9913
4223,2026-01-05 17:46:07.000Z,683773,"UK","paid",9372
4224,2026-01-05 17:48:09.000Z,600818,"UK","paid",2721
4225,2026-01-05 17:49:03.000Z,436195,"DE","paid",5759
4226,2026-01-05 17:51:09.000Z,434304,"DE","paid",4315
4227,2026-01-05 17:52:59.000Z,623737,"UK","paid",4682
4228,2026-01-05 17:54:09.000Z,661630,"US","paid",2592
4229,2026-01-05 17:55:31.000Z,773215,"SE","paid",6501
4230,2026-01-05 17:57:29.000Z,697036,"UK","paid",4659
4231,2026-01-05 17:58:55.000Z,773045,"US","paid",4120
4232,2026-01-05 18:00:53.000Z,650666,"DE","paid",7017
4233,2026-01-05 18:01:51.000Z,314747,"US","paid",1664
4234,2026-01-05 18:03:41.000Z,388920,"FR","paid",3522
4235,2026-01-05 18:05:51.000Z,425553,"US","paid",968
4236,2026-01-05 18:07:09.000Z,644054,"SE","paid",3734
4237,2026-01-05 18:09:07.000Z,559415,"SE","paid",586
4238,2026-01-05 18:10:33.000Z,118884,"UK","paid",6191
4239,2026-01-05 18:12:19.000Z,870093,"UK","paid",2761
4240,2026-01-05 18:13:53.000Z,809730,"PL","paid",9826
4241,2026-01-05 18:15:31.000Z,356851,"US","paid",2954
4242,2026-01-05 18:16:45.000Z,177488,"UK","paid",4146
4243,2026-01-05 18:18:23.000Z,275529,"UK","paid",3326
4244,2026-01-05 18:19:57.000Z,831726,"UK","paid",4156
4245,2026-01-05 18:21:43.000Z,809295,"UK","paid",5300
4246,2026-01-05 18:23:29.000Z,234684,"SE","paid",2215
4247,2026-01-05 18:24:35.000Z,326693,"PL","paid",3899
4248,2026-01-05 18:26:41.000Z,245242,"UK","paid",8091
4249,2026-01-05 18:28:11.000Z,438315,"PL","paid",727
4250,2026-01-05 18:29:49.000Z,872776,"UK","paid",2644
4251,2026-01-05 18:30:55.000Z,785985,"PL","paid",7124
4252,2026-01-05 18:32:45.000Z,477958,"DE","paid",480
4253,2026-01-05 18:34:23.000Z,902279,"UK","paid",4236
4254,2026-01-05 18:36:29.000Z,975988,"US","paid",7893
4255,2026-01-05 18:37:59.000Z,182781,"FR","paid",8601
4256,2026-01-05 18:39:29.000Z,809714,"FR","paid",232
4257,2026-01-05 18:41:19.000Z,181347,"PL","refunded",4282
4258,2026-01-05 18:42:41.000Z,239232,"PL","cancelled",2754
4259,2026-01-05 18:43:59.000Z,468953,"FR","paid",3006
4260,2026-01-05 18:45:29.000Z,953566,"SE","paid",2452
4261,2026-01-05 18:47:15.000Z,360895,"UK","paid",7813
4262,2026-01-05 18:48:57.000Z,984780,"DE","paid",6478
4263,2026-01-05 18:50:51.000Z,940757,"SE","paid",2217
4264,2026-01-05 18:52:13.000Z,964682,"PL","paid",9917
4265,2026-01-05 18:54:19.000Z,128251,"SE","paid",2692
4266,2026-01-05 18:55:49.000Z,756984,"US","paid",6996
4267,2026-01-05 18:56:59.000Z,152817,"SE","paid",7824
4268,2026-01-05 18:58:37.000Z,232918,"UK","paid",531
4269,2026-01-05 19:00:43.000Z,639447,"UK","cancelled",2704
4270,2026-01-05 19:01:33.000Z,172420,"UK","paid",1581
4271,2026-01-05 19:03:47.000Z,355277,"DE","paid",8033
4272,2026-01-05 19:05:21.000Z,896354,"UK","paid",6543
4273,2026-01-05 19:06:39.000Z,126835,"SE","paid",3156
4274,2026-01-05 19:08:09.000Z,770448,"FR","paid",4714
4275,2026-01-05 19:10:27.000Z,779849,"DE","paid",761
4276,2026-01-05 19:11:37.000Z,602702,"DE","paid",1794
4277,2026-01-05 19:13:23.000Z,377231,"UK","paid",4036
4278,2026-01-05 19:15:25.000Z,221436,"UK","paid",4520
4279,2026-01-05 19:16:15.000Z,405829,"UK","paid",4027
4280,2026-01-05 19:18:17.000Z,384794,"FR","paid",6244
4281,2026-01-05 19:19:27.000Z,367787,"UK","paid",8351
4282,2026-01-05 19:21:05.000Z,639528,"UK","paid",3283
4283,2026-01-05 19:22:39.000Z,717345,"UK","paid",3043
4284,2026-01-05 19:24:21.000Z,960710,"PL","paid",4643
4285,2026-01-05 19:26:07.000Z,567239,"UK","paid",1210
4286,2026-01-05 19:27:49.000Z,457204,"SE","paid",4601
4287,2026-01-05 19:29:35.000Z,597373,"US","paid",5909
4288,2026-01-05 19:31:05.000Z,414066,"US","refunded",1554
4289,2026-01-05 19:33:15.000Z,282819,"UK","paid",2500
4290,2026-01-05 19:34:17.000Z,951904,"UK","paid",2232
4291,2026-01-05 19:35:51.000Z,618841,"US","paid",137
4292,2026-01-05 19:37:25.000Z,704638,"UK","paid",1404
4293,2026-01-05 19:39:23.000Z,469279,"FR","paid",1125
4294,2026-01-05 19:40:33.000Z,411532,"PL","paid",4421
4295,2026-01-05 19:42:35.000Z,296597,"UK","paid",9557
4296,2026-01-05 19:43:41.000Z,506986,"UK","paid",6420
4297,2026-01-05 19:46:11.000Z,994779,"UK","paid",5140
4298,2026-01-05 19:47:37.000Z,668728,"SE","cancelled",3924
4299,2026-01-05 19:48:59.000Z,913393,"UK","paid",527
4300,2026-01-05 19:50:21.000Z,141718,"FR","paid",2219
4301,2026-01-05 19:52:19.000Z,842359,"FR","paid",9578
4302,2026-01-05 19:53:53.000Z,225316,"DE","paid",5106
4303,2026-01-05 19:55:43.000Z,394349,"PL","paid",3209
4304,2026-01-05 19:56:53.000Z,911522,"UK","paid",6998
4305,2026-01-05 19:59:03.000Z,961235,"UK","paid",5729
4306,2026-01-05 19:59:49.000Z,516944,"US","paid",3873
4307,2026-01-05 20:01:31.000Z,879529,"PL","paid",4632
4308,2026-01-05 20:03:57.000Z,641198,"PL","paid",3927
4309,2026-01-05 20:05:11.000Z,705135,"DE","paid",755
4310,2026-01-05 20:06:29.000Z,355676,"FR","paid",2528
4311,2026-01-05 20:07:55.000Z,503685,"UK","paid",7351
4312,2026-01-05 20:09:41.000Z,782874,"US","paid",2240
4313,2026-01-05 20:11:35.000Z,402731,"UK","paid",6382
4314,2026-01-05 20:13:09.000Z,831368,"DE","paid",8125
4315,2026-01-05 20:14:51.000Z,330913,"UK","paid",986
4316,2026-01-05 20:16:05.000Z,156710,"UK","paid",1268
4317,2026-01-05 20:17:59.000Z,411847,"DE","paid",8047
4318,2026-01-05 20:19:21.000Z,942292,"UK","paid",8115
4319,2026-01-05 20:21:11.000Z,736925,"SE","paid",2452
4320,2026-01-05 20:22:37.000Z,715314,"SE","paid",2227
4321,2026-01-05 20:24:31.000Z,410051,"UK","paid",1952
4322,2026-01-05 20:25:45.000Z,374208,"UK","paid",3877
4323,2026-01-05 20:27:39.000Z,919385,"SE","paid",2078
4324,2026-01-05 20:28:57.000Z,673246,"FR","paid",4546
4325,2026-01-05 20:31:03.000Z,160095,"US","paid",9903
4326,2026-01-05 20:32:21.000Z,227276,"UK","paid",2690
4327,2026-01-05 20:34:11.000Z,714549,"FR","paid",8144
4328,2026-01-05 20:35:33.000Z,453354,"UK","paid",6981
4329,2026-01-05 20:37:19.000Z,601563,"FR","paid",598
4330,2026-01-05 20:38:57.000Z,759064,"UK","paid",480
4331,2026-01-05 20:40:19.000Z,798769,"FR","refunded",9704
4332,2026-01-05 20:42:09.000Z,160502,"US","paid",6386
4333,2026-01-05 20:43:59.000Z,712215,"US","paid",8790
4334,2026-01-05 20:45:05.000Z,316004,"PL","paid",6058
4335,2026-01-05 20:47:11.000Z,787693,"UK","paid",8991
4336,2026-01-05 20:48:37.000Z,136322,"DE","paid",2021
4337,2026-01-05 20:50:07.000Z,710515,"FR","paid",257
4338,2026-01-05 20:52:17.000Z,697648,"SE","paid",156
4339,2026-01-05 20:53:11.000Z,207945,"UK","paid",7593
4340,2026-01-05 20:54:53.000Z,114350,"UK","paid",8570
4341,2026-01-05 20:57:19.000Z,281199,"PL","refunded",5009
4342,2026-01-05 20:58:49.000Z,311612,"US","paid",5787
4343,2026-01-05 20:59:39.000Z,910725,"DE","paid",9853
4344,2026-01-05 21:02:05.000Z,887674,"SE","paid",5331
4345,2026-01-05 21:02:59.000Z,785931,"DE","paid",9724
4346,2026-01-05 21:05:09.000Z,769224,"PL","paid",7338
4347,2026-01-05 21:06:35.000Z,247393,"DE","paid",3175
4348,2026-01-05 21:08:21.000Z,555622,"UK","paid",6641
4349,2026-01-05 21:09:27.000Z,515751,"PL","paid",2335
4350,2026-01-05 21:11:01.000Z,203028,"FR","paid",7093
4351,2026-01-05 21:12:55.000Z,660125,"UK","paid",7958
4352,2026-01-05 21:14:49.000Z,857842,"UK","paid",7755
4353,2026-01-05 21:15:51.000Z,843587,"DE","paid",1304
4354,2026-01-05 21:17:57.000Z,314656,"DE","paid",4861
4355,2026-01-05 21:19:23.000Z,707705,"UK","paid",8351
4356,2026-01-05 21:21:13.000Z,402558,"US","paid",1987
4357,2026-01-05 21:23:11.000Z,466239,"SE","paid",7925
4358,2026-01-05 21:24:09.000Z,979500,"UK","paid",7514
4359,2026-01-05 21:26:19.000Z,650613,"US","paid",9178
4360,2026-01-05 21:27:41.000Z,157098,"DE","paid",674
4361,2026-01-05 21:29:39.000Z,846939,"US","paid",7484
4362,2026-01-05 21:30:21.000Z,918584,"FR","paid",115
4363,2026-01-05 21:32:31.000Z,175217,"US","paid",9589
4364,2026-01-05 21:33:49.000Z,580438,"SE","paid",5940
4365,2026-01-05 21:35:11.000Z,613303,"SE","paid",8770
4366,2026-01-05 21:36:57.000Z,115012,"UK","paid",4006
4367,2026-01-05 21:39:07.000Z,785005,"UK","cancelled",5157
4368,2026-01-05 21:40:37.000Z,111138,"PL","refunded",2714
4369,2026-01-05 21:42:27.000Z,619891,"US","paid",2737
4370,2026-01-05 21:43:21.000Z,697968,"UK","paid",509
4371,2026-01-05 21:44:51.000Z,505961,"UK","cancelled",6129
4372,2026-01-05 21:46:29.000Z,574062,"UK","paid",8649
4373,2026-01-05 21:48:39.000Z,381135,"UK","paid",6770
4374,2026-01-05 21:50:01.000Z,693660,"SE","paid",6892
4375,2026-01-05 21:51:59.000Z,215781,"PL","paid",7426
4376,2026-01-05 21:53:53.000Z,773978,"UK","paid",4622
4377,2026-01-05 21:55:31.000Z,822219,"PL","paid",9369
4378,2026-01-05 21:56:45.000Z,746056,"UK","paid",8582
4379,2026-01-05 21:57:51.000Z,578625,"PL","paid",5351
4380,2026-01-05 22:00:21.000Z,250118,"DE","paid",192
4381,2026-01-05 22:01:15.000Z,795175,"UK","paid",2718
4382,2026-01-05 22:03:13.000Z,541396,"US","paid",2937
4383,2026-01-05 22:04:23.000Z,524029,"FR","paid",2363
4384,2026-01-05 22:06:37.000Z,612626,"FR","paid",3494
4385,2026-01-05 22:07:59.000Z,360611,"PL","paid",3359
4386,2026-01-05 22:09:53.000Z,602848,"PL","paid",1284
4387,2026-01-05 22:10:59.000Z,612057,"FR","paid",2091
4388,2026-01-05 22:13:13.000Z,753214,"SE","paid",9268
4389,2026-01-05 22:14:35.000Z,206239,"UK","paid",1358
4390,2026-01-05 22:15:37.000Z,796844,"DE","paid",6933
4391,2026-01-05 22:17:39.000Z,793749,"SE","paid",2318
4392,2026-01-05 22:19:17.000Z,581770,"PL","paid",5510
4393,2026-01-05 22:20:59.000Z,242235,"SE","paid",9164
4394,2026-01-05 22:22:01.000Z,293560,"US","paid",3560
4395,2026-01-05 22:24:03.000Z,700145,"SE","paid",7529
4396,2026-01-05 22:25:25.000Z,561110,"UK","paid",8085
4397,2026-01-05 22:27:03.000Z,997431,"UK","paid",8264
4398,2026-01-05 22:28:29.000Z,955780,"UK","paid",2188
4399,2026-01-05 22:30:27.000Z,968941,"DE","paid",9342
4400,2026-01-05 22:32:41.000Z,637538,"UK","refunded",8287
4401,2026-01-05 22:34:15.000Z,180275,"SE","paid",4839
4402,2026-01-05 22:35:37.000Z,142640,"FR","paid",8750
4403,2026-01-05 22:36:59.000Z,389225,"DE","paid",9629
4404,2026-01-05 22:38:21.000Z,807950,"DE","paid",659
4405,2026-01-05 22:40:43.000Z,568175,"UK","paid",6131
4406,2026-01-05 22:41:25.000Z,503740,"UK","paid",465
4407,2026-01-05 22:43:43.000Z,307941,"UK","paid",3299
4408,2026-01-05 22:44:41.000Z,243162,"FR","refunded",8667
4409,2026-01-05 22:46:39.000Z,762123,"UK","paid",1685
4410,2026-01-05 22:48:49.000Z,645096,"UK","cancelled",5249
4411,2026-01-05 22:50:11.000Z,676641,"UK","paid",7906
4412,2026-01-05 22:52:01.000Z,366694,"PL","paid",6999
4413,2026-01-05 22:53:23.000Z,102919,"UK","paid",9496
4414,2026-01-05 22:54:49.000Z,689588,"SE","paid",9801
4415,2026-01-05 22:55:59.000Z,520541,"US","paid",991
4416,2026-01-05 22:58:01.000Z,293586,"US","paid",4564
4417,2026-01-05 22:59:43.000Z,149411,"UK","paid",8045
4418,2026-01-05 23:01:45.000Z,658656,"UK","paid",4678
4419,2026-01-05 23:03:19.000Z,751833,"US","paid",9450
4420,2026-01-05 23:04:45.000Z,888862,"UK","paid",5075
4421,2026-01-05 23:05:59.000Z,253439,"FR","paid",5665
4422,2026-01-05 23:08:01.000Z,621804,"PL","paid",1324
4423,2026-01-05 23:08:59.000Z,549525,"UK","refunded",4774
4424,2026-01-05 23:11:05.000Z,199274,"UK","paid",1613
4425,2026-01-05 23:13:03.000Z,526235,"UK","paid",6344
4426,2026-01-05 23:14:41.000Z,802296,"SE","paid",9241
4427,2026-01-05 23:16:03.000Z,654801,"UK","paid",5211
4428,2026-01-05 23:17:17.000Z,830518,"FR","paid",4621
4429,2026-01-05 23:18:51.000Z,269335,"FR","refunded",7889
4430,2026-01-05 23:20:49.000Z,120196,"DE","paid",4633
4431,2026-01-05 23:22:07.000Z,555117,"PL","paid",7741
4432,2026-01-05 23:24:25.000Z,992738,"UK","refunded",8934
4433,2026-01-05 23:25:11.000Z,644627,"UK","paid",4024
4434,2026-01-05 23:27:29.000Z,695728,"US","paid",5761
4435,2026-01-05 23:28:51.000Z,580873,"PL","paid",1607
4436,2026-01-05 23:30:49.000Z,837454,"PL","paid",6940
4437,2026-01-05 23:32:03.000Z,974831,"DE","paid",5462
4438,2026-01-05 23:33:21.000Z,908572,"FR","paid",2125
4439,2026-01-05 23:35:31.000Z,725605,"UK","paid",9270
4440,2026-01-05 23:37:17.000Z,623194,"US","paid",5875
4441,2026-01-05 23:38:47.000Z,483627,"UK","paid",376
4442,2026-01-05 23:40:29.000Z,254312,"DE","paid",9048
4443,2026-01-05 23:41:51.000Z,786497,"UK","paid",2276
4444,2026-01-05 23:42:57.000Z,251206,"UK","paid",5797
4445,2026-01-05 23:44:31.000Z,979303,"DE","paid",3389
4446,2026-01-05 23:46:49.000Z,728244,"UK","paid",3023
4447,2026-01-05 23:48:11.000Z,688989,"SE","paid",510
4448,2026-01-05 23:49:21.000Z,924882,"SE","paid",5525
4449,2026-01-05 23:51:27.000Z,543971,"UK","paid",865
4450,2026-01-05 23:53:09.000Z,790336,"UK","paid",4879
4451,2026-01-05 23:54:11.000Z,737561,"SE","paid",596
4452,2026-01-05 23:56:13.000Z,223326,"FR","paid",4253
4453,2026-01-05 23:58:15.000Z,334111,"US","paid",8480
4454,2026-01-05 23:59:13.000Z,610732,"UK","paid",3397
4455,2026-01-06 00:00:59.000Z,572821,"FR","paid",2725
4456,2026-01-06 00:02:49.000Z,409994,"UK","paid",5886
4457,2026-01-06 00:04:35.000Z,134363,"FR","paid",3866
4458,2026-01-06 00:06:09.000Z,269720,"UK","paid",1725
4459,2026-01-06 00:07:51.000Z,678865,"FR","cancelled",6917
4460,2026-01-06 00:08:45.000Z,817782,"US","paid",2468
4461,2026-01-06 00:10:23.000Z,437623,"US","paid",8894
4462,2026-01-06 00:12:33.000Z,320356,"PL","paid",8317
4463,2026-01-06 00:14:03.000Z,992109,"UK","paid",4612
4464,2026-01-06 00:15:45.000Z,264194,"DE","paid",3993
4465,2026-01-06 00:17:15.000Z,444307,"FR","paid",3952
4466,2026-01-06 00:19:01.000Z,576976,"SE","paid",9307
4467,2026-01-06 00:20:47.000Z,478825,"UK","paid",8185
4468,2026-01-06 00:22:37.000Z,536078,"UK","paid",4316
4469,2026-01-06 00:23:59.000Z,104783,"PL","paid",6944
4470,2026-01-06 00:25:29.000Z,321436,"US","refunded",1052
4471,2026-01-06 00:26:47.000Z,372837,"DE","paid",6524
4472,2026-01-06 00:28:25.000Z,101338,"SE","paid",4930
4473,2026-01-06 00:30:27.000Z,245003,"DE","paid",3074
4474,2026-01-06 00:31:41.000Z,501000,"PL","paid",8753
4475,2026-01-06 00:33:07.000Z,958849,"DE","paid",5997
4476,2026-01-06 00:35:29.000Z,483334,"UK","paid",1165
4477,2026-01-06 00:36:51.000Z,568519,"PL","paid",5348
4478,2026-01-06 00:38:41.000Z,768212,"FR","paid",393
4479,2026-01-06 00:40:07.000Z,119901,"UK","paid",3689
4480,2026-01-06 00:41:09.000Z,557266,"UK","paid",589
4481,2026-01-06 00:42:55.000Z,856675,"DE","paid",3225
4482,2026-01-06 00:44:21.000Z,561824,"DE","paid",8803
4483,2026-01-06 00:46:19.000Z,570905,"UK","paid",8513
4484,2026-01-06 00:47:33.000Z,806142,"US","paid",5419
4485,2026-01-06 00:49:47.000Z,178399,"SE","paid",7966
4486,2026-01-06 00:50:57.000Z,301132,"UK","paid",7677
4487,2026-01-06 00:52:55.000Z,800533,"US","cancelled",1647
4488,2026-01-06 00:54:53.000Z,206314,"DE","paid",6835
4489,2026-01-06 00:56:23.000Z,813147,"US","paid",3700
4490,2026-01-06 00:57:37.000Z,109144,"FR","paid",3283
4491,2026-01-06 00:58:51.000Z,986801,"US","paid",130
4492,2026-01-06 01:01:25.000Z,620438,"SE","paid",3043
4493,2026-01-06 01:02:51.000Z,731127,"SE","paid",3669
4494,2026-01-06 01:03:53.000Z,782212,"UK","paid",2752
4495,2026-01-06 01:05:55.000Z,394157,"UK","paid",3293
4496,2026-01-06 01:07:33.000Z,698658,"PL","paid",3174
4497,2026-01-06 01:09:03.000Z,756371,"US","paid",3760
4498,2026-01-06 01:10:49.000Z,778160,"UK","paid",5145
4499,2026-01-06 01:11:55.000Z,688489,"UK","paid",9809
4500,2026-01-06 01:13:37.000Z,362094,"UK","paid",4119
4501,2026-01-06 01:15:59.000Z,714639,"UK","paid",4725
4502,2026-01-06 01:17:13.000Z,953116,"SE","paid",8250
4503,2026-01-06 01:19:11.000Z,553957,"PL","paid",3381
4504,2026-01-06 01:20:17.000Z,358746,"UK","paid",3445
4505,2026-01-06 01:21:59.000Z,748331,"PL","paid",5359
4506,2026-01-06 01:24:01.000Z,668136,"UK","paid",321
4507,2026-01-06 01:25:07.000Z,421025,"PL","paid",7438
4508,2026-01-06 01:26:21.000Z,594822,"DE","paid",1669
4509,2026-01-06 01:28:35.000Z,184039,"UK","paid",8907
4510,2026-01-06 01:30:21.000Z,950548,"US","paid",2745
4511,2026-01-06 01:31:15.000Z,618525,"FR","paid",3714
4512,2026-01-06 01:33:09.000Z,568082,"FR","paid",3420
4513,2026-01-06 01:34:27.000Z,445603,"PL","paid",2304
4514,2026-01-06 01:36:25.000Z,676384,"PL","paid",434
4515,2026-01-06 01:38:23.000Z,644665,"FR","paid",301
4516,2026-01-06 01:39:33.000Z,604318,"SE","paid",2919
4517,2026-01-06 01:41:23.000Z,336671,"UK","paid",3330
4518,2026-01-06 01:43:25.000Z,160716,"DE","paid",1637
4519,2026-01-06 01:44:27.000Z,953461,"SE","paid",4040
4520,2026-01-06 01:45:53.000Z,107210,"PL","paid",2515
4521,2026-01-06 01:47:35.000Z,587515,"SE","paid",4112
4522,2026-01-06 01:48:57.000Z,989560,"US","paid",3769
4523,2026-01-06 01:50:59.000Z,133265,"SE","paid",6685
4524,2026-01-06 01:53:01.000Z,920790,"UK","paid",2668
4525,2026-01-06 01:54:07.000Z,466199,"UK","paid",4627
4526,2026-01-06 01:55:45.000Z,929220,"UK","paid",9174
4527,2026-01-06 01:57:23.000Z,908461,"DE","paid",5386
4528,2026-01-06 01:59:25.000Z,104066,"UK","paid",4295
4529,2026-01-06 02:00:23.000Z,752627,"SE","paid",9194
4530,2026-01-06 02:02:17.000Z,730384,"FR","paid",5597
4531,2026-01-06 02:04:19.000Z,406409,"DE","paid",245
4532,2026-01-06 02:05:13.000Z,709486,"DE","paid",1452
4533,2026-01-06 02:07:11.000Z,248527,"UK","paid",3073
4534,2026-01-06 02:08:41.000Z,711900,"UK","paid",7046
4535,2026-01-06 02:10:07.000Z,138949,"UK","paid",7246
4536,2026-01-06 02:12:17.000Z,103162,"FR","paid",8582
4537,2026-01-06 02:13:35.000Z,208683,"UK","paid",7363
4538,2026-01-06 02:15:45.000Z,194376,"UK","paid",6688
4539,2026-01-06 02:17:07.000Z,989601,"UK","paid",853
4540,2026-01-06 02:18:25.000Z,702182,"PL","refunded",879
4541,2026-01-06 02:19:51.000Z,494151,"UK","paid",6993
4542,2026-01-06 02:21:45.000Z,881108,"SE","refunded",2217
4543,2026-01-06 02:23:19.000Z,990365,"US","paid",1110
4544,2026-01-06 02:25:01.000Z,993970,"US","paid",8358
4545,2026-01-06 02:26:27.000Z,179939,"UK","paid",2206
4546,2026-01-06 02:28:13.000Z,276608,"UK","paid",223
4547,2026-01-06 02:29:51.000Z,759129,"US","paid",6288
4548,2026-01-06 02:31:41.000Z,304222,"UK","paid",4162
4549,2026-01-06 02:33:23.000Z,463167,"FR","paid",4314
4550,2026-01-06 02:34:41.000Z,938348,"PL","paid",4059
4551,2026-01-06 02:35:51.000Z,934421,"UK","paid",2000
4552,2026-01-06 02:37:45.000Z,441898,"UK","paid",121
4553,2026-01-06 02:39:19.000Z,479035,"UK","paid",7512
4554,2026-01-06 02:40:57.000Z,302936,"SE","paid",9290
4555,2026-01-06 02:42:31.000Z,914993,"UK","paid",1100
4556,2026-01-06 02:44:49.000Z,536854,"FR","paid",1240
4557,2026-01-06 02:46:03.000Z,428471,"FR","paid",6661
4558,2026-01-06 02:47:57.000Z,465988,"DE","paid",931
4559,2026-01-06 02:49:15.000Z,698829,"PL","paid",437
4560,2026-01-06 02:50:29.000Z,996706,"UK","paid",6882
4561,2026-01-06 02:52:47.000Z,634227,"UK","paid",1267
4562,2026-01-06 02:54:29.000Z,920432,"US","paid",469
4563,2026-01-06 02:56:07.000Z,203913,"PL","paid",5959
4564,2026-01-06 02:57:17.000Z,338766,"PL","paid",8189
4565,2026-01-06 02:58:59.000Z,487151,"DE","paid",7712
4566,2026-01-06 03:00:53.000Z,487228,"FR","paid",2182
4567,2026-01-06 03:01:51.000Z,147109,"UK","paid",4393
4568,2026-01-06 03:03:53.000Z,385274,"US","paid",7770
4569,2026-01-06 03:05:39.000Z,235883,"UK","paid",5930
4570,2026-01-06 03:06:57.000Z,557704,"DE","paid",8058
4571,2026-01-06 03:08:59.000Z,790529,"UK","paid",1655
4572,2026-01-06 03:09:57.000Z,773990,"UK","paid",6253
4573,2026-01-06 03:11:55.000Z,120071,"DE","paid",4302
4574,2026-01-06 03:13:25.000Z,279604,"UK","refunded",3279
4575,2026-01-06 03:15:03.000Z,473885,"SE","paid",4561
4576,2026-01-06 03:16:53.000Z,865458,"SE","paid",8571
4577,2026-01-06 03:18:19.000Z,325507,"UK","refunded",1274
4578,2026-01-06 03:19:53.000Z,209824,"UK","paid",7340
4579,2026-01-06 03:21:23.000Z,373017,"SE","paid",9894
4580,2026-01-06 03:23:09.000Z,926046,"FR","paid",2801
4581,2026-01-06 03:24:31.000Z,132351,"US","paid",1900
4582,2026-01-06 03:26:17.000Z,713100,"UK","paid",6876
4583,2026-01-06 03:27:39.000Z,346485,"FR","paid",4858
4584,2026-01-06 03:29:45.000Z,449834,"UK","paid",6091
4585,2026-01-06 03:31:23.000Z,969435,"FR","paid",4766
4586,2026-01-06 03:32:57.000Z,913272,"UK","paid",3845
4587,2026-01-06 03:34:15.000Z,868913,"FR","paid",2142
4588,2026-01-06 03:35:41.000Z,336822,"US","paid",5111
4589,2026-01-06 03:37:35.000Z,842039,"US","paid",3645
4590,2026-01-06 03:39:45.000Z,927332,"PL","paid",3719
4591,2026-01-06 03:40:55.000Z,811085,"UK","refunded",7192
4592,2026-01-06 03:42:29.000Z,470402,"DE","paid",8881
4593,2026-01-06 03:43:59.000Z,397075,"FR","paid",7203
4594,2026-01-06 03:46:17.000Z,274416,"SE","paid",6131
4595,2026-01-06 03:47:23.000Z,143465,"UK","paid",7336
4596,2026-01-06 03:48:37.000Z,897102,"UK","paid",8837
4597,2026-01-06 03:50:27.000Z,598735,"PL","paid",4786
4598,2026-01-06 03:52:17.000Z,298748,"US","paid",1245
4599,2026-01-06 03:53:47.000Z,314341,"DE","paid",8647
4600,2026-01-06 03:55:37.000Z,998714,"SE","paid",8301
4601,2026-01-06 03:57:11.000Z,685451,"DE","paid",3280
4602,2026-01-06 03:59:13.000Z,608136,"PL","paid",2127
4603,2026-01-06 04:00:51.000Z,622657,"DE","paid",1032
4604,2026-01-06 04:01:57.000Z,212646,"UK","paid",1590
4605,2026-01-06 04:03:35.000Z,386887,"PL","cancelled",6162
4606,2026-01-06 04:05:37.000Z,863252,"FR","paid",2529
4607,2026-01-06 04:07:03.000Z,456861,"UK","paid",1623
4608,2026-01-06 04:08:57.000Z,656018,"UK","paid",7191
4609,2026-01-06 04:10:23.000Z,775587,"DE","paid",5290
4610,2026-01-06 04:11:53.000Z,997280,"DE","paid",6272
4611,2026-01-06 04:13:35.000Z,236185,"UK","paid",7855
4612,2026-01-06 04:14:33.000Z,642046,"US","paid",6370
4613,2026-01-06 04:16:55.000Z,638911,"SE","paid",7918
4614,2026-01-06 04:17:53.000Z,712492,"UK","paid",2808
4615,2026-01-06 04:20:07.000Z,858389,"US","paid",1232
4616,2026-01-06 04:21:05.000Z,729770,"DE","paid",7536
4617,2026-01-06 04:22:43.000Z,220731,"US","paid",372
4618,2026-01-06 04:24:49.000Z,356600,"FR","paid",8728
4619,2026-01-06 04:26:27.000Z,957681,"US","paid",646
4620,2026-01-06 04:28:09.000Z,308246,"SE","paid",3993
4621,2026-01-06 04:29:23.000Z,532983,"SE","paid",2460
4622,2026-01-06 04:31:17.000Z,529220,"UK","paid",5246
4623,2026-01-06 04:33:03.000Z,191309,"UK","cancelled",2229
4624,2026-01-06 04:34:21.000Z,745570,"PL","paid",7886
4625,2026-01-06 04:36:19.000Z,982771,"US","paid",203
4626,2026-01-06 04:37:57.000Z,406832,"UK","paid",7360
4627,2026-01-06 04:39:07.000Z,678665,"UK","cancelled",7977
4628,2026-01-06 04:40:45.000Z,765486,"UK","paid",3848
4629,2026-01-06 04:42:55.000Z,488079,"UK","paid",1695
4630,2026-01-06 04:44:05.000Z,363612,"SE","paid",3947
4631,2026-01-06 04:45:19.000Z,809509,"PL","paid",2393
4632,2026-01-06 04:47:37.000Z,814650,"UK","paid",5983
4633,2026-01-06 04:48:31.000Z,391307,"PL","paid",7833
4634,2026-01-06 04:50:05.000Z,418664,"UK","paid",2847
4635,2026-01-06 04:52:27.000Z,294209,"PL","paid",1428
4636,2026-01-06 04:54:05.000Z,239910,"DE","paid",3549
4637,2026-01-06 04:55:03.000Z,739911,"UK","paid",9045
4638,2026-01-06 04:57:05.000Z,779476,"US","refunded",9309
4639,2026-01-06 04:58:31.000Z,709085,"FR","paid",9048
4640,2026-01-06 04:59:45.000Z,649362,"FR","paid",6590
4641,2026-01-06 05:01:35.000Z,569155,"PL","paid",5609
4642,2026-01-06 05:03:41.000Z,197664,"PL","paid",647
4643,2026-01-06 05:04:35.000Z,338681,"FR","paid",1559
4644,2026-01-06 05:06:45.000Z,992894,"SE","paid",7002
4645,2026-01-06 05:08:07.000Z,497759,"UK","paid",5539
4646,2026-01-06 05:10:13.000Z,143308,"DE","paid",8460
4647,2026-01-06 05:11:15.000Z,804533,"SE","paid",8521
4648,2026-01-06 05:13:01.000Z,623402,"PL","paid",1532
4649,2026-01-06 05:14:19.000Z,606043,"SE","paid",5848
4650,2026-01-06 05:16:21.000Z,991928,"US","paid",2086
4651,2026-01-06 05:17:47.000Z,400497,"SE","paid",2414
4652,2026-01-06 05:19:45.000Z,939798,"UK","paid",2718
4653,2026-01-06 05:21:03.000Z,382199,"UK","paid",9383
4654,2026-01-06 05:23:17.000Z,301476,"UK","paid",5556
4655,2026-01-06 05:24:55.000Z,667597,"DE","paid",1226
4656,2026-01-06 05:26:05.000Z,985570,"UK","paid",1558
4657,2026-01-06 05:27:19.000Z,427667,"SE","refunded",9577
4658,2026-01-06 05:29:41.000Z,555152,"FR","paid",5189
4659,2026-01-06 05:30:59.000Z,686953,"DE","paid",5820
4660,2026-01-06 05:32:29.000Z,793326,"DE","paid",7970
4661,2026-01-06 05:34:15.000Z,963855,"UK","paid",6472
4662,2026-01-06 05:36:13.000Z,196476,"UK","paid",2123
4663,2026-01-06 05:37:19.000Z,999845,"UK","paid",7521
4664,2026-01-06 05:38:41.000Z,796250,"FR","paid",7825
4665,2026-01-06 05:40:19.000Z,765771,"UK","paid",4509
4666,2026-01-06 05:42:21.000Z,867016,"UK","paid",2887
4667,2026-01-06 05:44:11.000Z,737249,"UK","paid",9528
4668,2026-01-06 05:45:53.000Z,695014,"PL","paid",4724
4669,2026-01-06 05:47:03.000Z,628327,"UK","paid",155
4670,2026-01-06 05:48:33.000Z,340500,"SE","paid",4465
4671,2026-01-06 05:50:11.000Z,867901,"US","paid",600
4672,2026-01-06 05:51:45.000Z,688498,"US","paid",9616
4673,2026-01-06 05:53:35.000Z,674531,"UK","paid",8451
4674,2026-01-06 05:54:57.000Z,359936,"UK","paid",9525
4675,2026-01-06 05:56:59.000Z,496281,"US","paid",4062
4676,2026-01-06 05:58:29.000Z,336734,"UK","refunded",2462
4677,2026-01-06 06:00:03.000Z,844031,"FR","paid",8678
4678,2026-01-06 06:01:25.000Z,628076,"PL","paid",798
4679,2026-01-06 06:03:27.000Z,103221,"UK","paid",1549
4680,2026-01-06 06:04:25.000Z,349962,"UK","paid",3370
4681,2026-01-06 06:06:39.000Z,860539,"UK","paid",8804
4682,2026-01-06 06:08:01.000Z,833944,"SE","paid",8846
4683,2026-01-06 06:10:07.000Z,774993,"UK","refunded",5937
4684,2026-01-06 06:11:09.000Z,604918,"FR","paid",1026
4685,2026-01-06 06:13:27.000Z,207159,"FR","paid",2444
4686,2026-01-06 06:14:13.000Z,571428,"DE","paid",6717
4687,2026-01-06 06:16:11.000Z,251949,"PL","paid",6982
4688,2026-01-06 06:17:45.000Z,896706,"UK","cancelled",7422
4689,2026-01-06 06:19:15.000Z,497459,"UK","paid",302
4690,2026-01-06 06:21:21.000Z,112528,"US","paid",7828
4691,2026-01-06 06:22:59.000Z,587849,"PL","refunded",987
4692,2026-01-06 06:24:01.000Z,782094,"PL","paid",335
4693,2026-01-06 06:25:27.000Z,787663,"DE","paid",9215
4694,2026-01-06 06:27:21.000Z,409500,"FR","paid",9435
4695,2026-01-06 06:29:11.000Z,120133,"UK","paid",2936
4696,2026-01-06 06:30:21.000Z,167866,"US","refunded",8937
4697,2026-01-06 06:31:59.000Z,650507,"UK","cancelled",2992
4698,2026-01-06 06:34:01.000Z,621192,"DE","paid",445
4699,2026-01-06 06:35:59.000Z,324033,"UK","paid",6966
4700,2026-01-06 06:37:17.000Z,369254,"UK","refunded",1689
4701,2026-01-06 06:38:43.000Z,321543,"DE","paid",7340
4702,2026-01-06 06:40:13.000Z,788756,"UK","paid",1387
4703,2026-01-06 06:42:07.000Z,585373,"SE","paid",9763
4704,2026-01-06 06:43:53.000Z,510322,"SE","paid",8045
4705,2026-01-06 06:44:51.000Z,703843,"UK","paid",8083
4706,2026-01-06 06:46:53.000Z,505088,"UK","paid",158
4707,2026-01-06 06:48:55.000Z,664953,"SE","paid",3372
4708,2026-01-06 06:50:01.000Z,567422,"FR","paid",3984
4709,2026-01-06 06:51:27.000Z,284031,"US","paid",1361
4710,2026-01-06 06:53:33.000Z,784940,"UK","paid",887
4711,2026-01-06 06:54:35.000Z,571125,"FR","paid",4548
4712,2026-01-06 06:56:13.000Z,671626,"UK","paid",8608
4713,2026-01-06 06:58:39.000Z,581435,"FR","paid",2634
4714,2026-01-06 06:59:49.000Z,669368,"UK","paid",2130
4715,2026-01-06 07:01:15.000Z,449937,"FR","paid",3222
4716,2026-01-06 07:03:25.000Z,229110,"US","paid",2641
4717,2026-01-06 07:04:59.000Z,729207,"US","paid",9809
4718,2026-01-06 07:06:01.000Z,796612,"PL","paid",3745
4719,2026-01-06 07:07:59.000Z,654733,"UK","paid",2404
4720,2026-01-06 07:09:53.000Z,979170,"DE","paid",2228
4721,2026-01-06 07:11:27.000Z,868947,"FR","paid",3778
4722,2026-01-06 07:12:29.000Z,427792,"SE","paid",971
4723,2026-01-06 07:13:55.000Z,208361,"UK","paid",7324
4724,2026-01-06 07:16:17.000Z,867086,"UK","paid",5718
4725,2026-01-06 07:17:27.000Z,775919,"PL","paid",9321
4726,2026-01-06 07:19:29.000Z,661404,"US","cancelled",3202
4727,2026-01-06 07:20:55.000Z,287173,"DE","paid",6639
4728,2026-01-06 07:22:41.000Z,162202,"SE","paid",6144
4729,2026-01-06 07:24:15.000Z,565579,"DE","paid",9266
4730,2026-01-06 07:25:21.000Z,953928,"PL","paid",2138
4731,2026-01-06 07:27:31.000Z,119841,"DE","paid",6023
4732,2026-01-06 07:29:13.000Z,355046,"UK","refunded",6142
4733,2026-01-06 07:30:19.000Z,741895,"PL","paid",915
4734,2026-01-06 07:32:01.000Z,864180,"FR","paid",5593
4735,2026-01-06 07:33:55.000Z,281117,"UK","paid",7233
4736,2026-01-06 07:35:01.000Z,311026,"UK","paid",4029
4737,2026-01-06 07:36:59.000Z,649507,"DE","paid",2503
4738,2026-01-06 07:39:05.000Z,542496,"DE","refunded",7202
4739,2026-01-06 07:40:43.000Z,459097,"UK","paid",9889
4740,2026-01-06 07:41:45.000Z,563582,"US","paid",7813
4741,2026-01-06 07:43:55.000Z,609695,"SE","paid",9902
4742,2026-01-06 07:44:57.000Z,664140,"UK","paid",468
4743,2026-01-06 07:46:55.000Z,208821,"US","paid",9073
4744,2026-01-06 07:48:09.000Z,926218,"DE","paid",3789
4745,2026-01-06 07:49:51.000Z,311643,"US","paid",5912
4746,2026-01-06 07:51:41.000Z,707896,"FR","paid",1013
4747,2026-01-06 07:52:55.000Z,885233,"US","paid",9495
4748,2026-01-06 07:54:29.000Z,255350,"SE","refunded",7019
4749,2026-01-06 07:56:19.000Z,706263,"SE","paid",1696
4750,2026-01-06 07:57:37.000Z,799364,"UK","paid",2756
4751,2026-01-06 07:59:35.000Z,502925,"UK","paid",7850
4752,2026-01-06 08:00:57.000Z,392450,"PL","paid",2806
4753,2026-01-06 08:03:15.000Z,615571,"US","paid",6045
4754,2026-01-06 08:04:09.000Z,221808,"UK","paid",7600
4755,2026-01-06 08:06:15.000Z,499337,"UK","paid",3321
4756,2026-01-06 08:08:01.000Z,386606,"UK","paid",2145
4757,2026-01-06 08:09:19.000Z,597967,"UK","paid",8054
4758,2026-01-06 08:10:53.000Z,243004,"SE","paid",720
4759,2026-01-06 08:12:31.000Z,450725,"PL","paid",5188
4760,2026-01-06 08:14:37.000Z,356794,"UK","paid",3762
4761,2026-01-06 08:15:55.000Z,742155,"PL","paid",6639
4762,2026-01-06 08:17:33.000Z,760936,"UK","paid",1138
4763,2026-01-06 08:18:43.000Z,262849,"PL","paid",4655
4764,2026-01-06 08:21:01.000Z,696870,"DE","paid",4061
4765,2026-01-06 08:22:11.000Z,450183,"UK","paid",9582
4766,2026-01-06 08:23:37.000Z,404212,"US","paid",4821
4767,2026-01-06 08:25:39.000Z,473117,"FR","paid",3214
4768,2026-01-06 08:27:21.000Z,997042,"FR","paid",8860
4769,2026-01-06 08:28:39.000Z,215043,"PL","paid",6630
4770,2026-01-06 08:30:21.000Z,871808,"PL","paid",1545
4771,2026-01-06 08:31:31.000Z,700601,"FR","paid",8140
4772,2026-01-06 08:33:57.000Z,521310,"SE","paid",5926
4773,2026-01-06 08:34:59.000Z,267775,"UK","paid",615
4774,2026-01-06 08:36:25.000Z,346124,"DE","refunded",4027
4775,2026-01-06 08:38:19.000Z,798901,"SE","paid",6178
4776,2026-01-06 08:40:33.000Z,429098,"PL","paid",3572
4777,2026-01-06 08:41:59.000Z,388827,"SE","paid",4220
4778,2026-01-06 08:42:49.000Z,163960,"US","paid",3286
4779,2026-01-06 08:44:55.000Z,415569,"SE","paid",3383
4780,2026-01-06 08:46:49.000Z,162326,"UK","paid",7288
4781,2026-01-06 08:48:31.000Z,616471,"UK","paid",8770
4782,2026-01-06 08:49:25.000Z,432228,"UK","paid",2814
4783,2026-01-06 08:51:15.000Z,656461,"DE","paid",2334
4784,2026-01-06 08:52:45.000Z,806274,"UK","paid",5422
4785,2026-01-06 08:54:47.000Z,154579,"SE","paid",992
4786,2026-01-06 08:56:29.000Z,422064,"FR","refunded",7144
4787,2026-01-06 08:57:55.000Z,437353,"DE","paid",8832
4788,2026-01-06 08:59:41.000Z,812782,"DE","paid",3383
4789,2026-01-06 09:01:23.000Z,659727,"UK","paid",8134
4790,2026-01-06 09:03:09.000Z,191676,"UK","paid",2745
4791,2026-01-06 09:03:51.000Z,809861,"UK","paid",3616
4792,2026-01-06 09:05:53.000Z,704826,"FR","paid",6995
4793,2026-01-06 09:07:47.000Z,808043,"UK","paid",2359
4794,2026-01-06 09:09:21.000Z,809960,"UK","paid",8109
4795,2026-01-06 09:10:51.000Z,633313,"UK","paid",2998
4796,2026-01-06 09:12:53.000Z,956678,"PL","paid",6860
4797,2026-01-06 09:14:31.000Z,292839,"UK","paid",5332
4798,2026-01-06 09:15:17.000Z,260148,"SE","paid",9049
4799,2026-01-06 09:17:31.000Z,395965,"US","paid",5758
4800,2026-01-06 09:19:17.000Z,501394,"US","paid",3782
4801,2026-01-06 09:20:51.000Z,782371,"UK","paid",1983
4802,2026-01-06 09:21:53.000Z,981056,"UK","paid",1679
4803,2026-01-06 09:23:23.000Z,802489,"US","paid",5871
4804,2026-01-06 09:25:33.000Z,656062,"UK","paid",3357
4805,2026-01-06 09:27:27.000Z,241599,"FR","paid",667
4806,2026-01-06 09:28:21.000Z,925196,"PL","paid",8589
4807,2026-01-06 09:29:47.000Z,140565,"UK","cancelled",4562
4808,2026-01-06 09:31:57.000Z,922218,"UK","paid",2471
4809,2026-01-06 09:33:15.000Z,212699,"UK","paid",8732
4810,2026-01-06 09:35:29.000Z,458616,"SE","refunded",2787
4811,2026-01-06 09:36:35.000Z,215825,"UK","paid",7765
4812,2026-01-06 09:38:45.000Z,746198,"FR","paid",2208
4813,2026-01-06 09:39:27.000Z,209143,"FR","paid",2104
4814,2026-01-06 09:41:41.000Z,728900,"DE","paid",4595
4815,2026-01-06 09:43:15.000Z,608237,"PL","paid",2734
4816,2026-01-06 09:44:17.000Z,916962,"UK","paid",5998
4817,2026-01-06 09:46:11.000Z,199859,"UK","paid",6445
4818,2026-01-06 09:47:45.000Z,877136,"US","paid",7660
4819,2026-01-06 09:49:15.000Z,855529,"PL","paid",9178
4820,2026-01-06 09:51:01.000Z,686158,"PL","paid",7796
4821,2026-01-06 09:52:55.000Z,721935,"DE","paid",1777
4822,2026-01-06 09:54:37.000Z,842300,"FR","paid",2156
4823,2026-01-06 09:55:55.000Z,280261,"UK","paid",4803
4824,2026-01-06 09:57:25.000Z,886074,"US","paid",900
4825,2026-01-06 09:58:51.000Z,185803,"UK","paid",386
4826,2026-01-06 10:00:25.000Z,391720,"DE","paid",471
4827,2026-01-06 10:02:51.000Z,435329,"UK","paid",5428
4828,2026-01-06 10:04:33.000Z,632134,"UK","paid",9722
4829,2026-01-06 10:06:11.000Z,303815,"DE","cancelled",9877
4830,2026-01-06 10:07:09.000Z,664436,"UK","paid",163
4831,2026-01-06 10:08:35.000Z,533565,"SE","paid",1789
4832,2026-01-06 10:10:17.000Z,900050,"SE","paid",9703
4833,2026-01-06 10:12:11.000Z,179107,"UK","paid",5160
4834,2026-01-06 10:13:25.000Z,430304,"UK","paid",3988
4835,2026-01-06 10:15:27.000Z,652569,"SE","refunded",3929
4836,2026-01-06 10:17:13.000Z,617118,"FR","paid",1287
4837,2026-01-06 10:18:15.000Z,367423,"US","paid",9393
4838,2026-01-06 10:20:09.000Z,260460,"UK","paid",2478
4839,2026-01-06 10:22:03.000Z,798677,"FR","paid",2109
4840,2026-01-06 10:23:49.000Z,106826,"UK","paid",5373
4841,2026-01-06 10:25:27.000Z,128667,"FR","paid",6294
4842,2026-01-06 10:26:37.000Z,468600,"UK","paid",531
4843,2026-01-06 10:28:35.000Z,302961,"FR","paid",8103
4844,2026-01-06 10:30:09.000Z,938838,"US","paid",4012
4845,2026-01-06 10:32:07.000Z,786519,"US","paid",4136
4846,2026-01-06 10:33:09.000Z,953284,"PL","paid",1723
4847,2026-01-06 10:34:27.000Z,933165,"UK","paid",5620
4848,2026-01-06 10:36:37.000Z,863778,"DE","paid",516
4849,2026-01-06 10:37:39.000Z,276403,"FR","paid",7657
4850,2026-01-06 10:39:25.000Z,125872,"SE","paid",2934
4851,2026-01-06 10:41:47.000Z,445417,"UK","cancelled",2172
4852,2026-01-06 10:43:01.000Z,115694,"UK","paid",8244
4853,2026-01-06 10:44:19.000Z,298255,"PL","paid",2867
4854,2026-01-06 10:46:13.000Z,843612,"US","paid",4171
4855,2026-01-06 10:47:27.000Z,743269,"DE","paid",814
4856,2026-01-06 10:49:29.000Z,390554,"SE","paid",9371
4857,2026-01-06 10:51:27.000Z,876395,"DE","paid",980
4858,2026-01-06 10:52:41.000Z,501672,"PL","paid",3660
4859,2026-01-06 10:53:51.000Z,331425,"DE","paid",9014
4860,2026-01-06 10:55:37.000Z,538374,"UK","paid",3562
4861,2026-01-06 10:57:35.000Z,520935,"PL","paid",5961
4862,2026-01-06 10:58:57.000Z,163380,"FR","paid",2089
4863,2026-01-06 11:00:55.000Z,902781,"UK","paid",6191
4864,2026-01-06 11:02:09.000Z,479218,"UK","paid",7171
4865,2026-01-06 11:03:59.000Z,862211,"DE","paid",8020
4866,2026-01-06 11:05:45.000Z,986240,"DE","cancelled",899
4867,2026-01-06 11:07:31.000Z,362489,"UK","paid",7402
4868,2026-01-06 11:09:17.000Z,973118,"US","refunded",4057
4869,2026-01-06 11:10:23.000Z,819967,"SE","paid",5315
4870,2026-01-06 11:12:25.000Z,573932,"UK","paid",7391
4871,2026-01-06 11:13:51.000Z,371061,"US","paid",4863
4872,2026-01-06 11:14:57.000Z,894410,"DE","paid",6506
4873,2026-01-06 11:16:43.000Z,360539,"US","paid",9755
4874,2026-01-06 11:18:41.000Z,942680,"FR","paid",5125
4875,2026-01-06 11:20:15.000Z,917777,"US","paid",3996
4876,2026-01-06 11:21:45.000Z,989590,"SE","paid",862
4877,2026-01-06 11:23:03.000Z,954711,"SE","cancelled",8239
4878,2026-01-06 11:24:33.000Z,734084,"UK","cancelled",8822
4879,2026-01-06 11:26:51.000Z,922765,"UK","paid",5414
4880,2026-01-06 11:28:09.000Z,596226,"PL","paid",4002
4881,2026-01-06 11:29:51.000Z,771251,"US","paid",5568
4882,2026-01-06 11:31:21.000Z,295504,"UK","paid",4660
4883,2026-01-06 11:33:07.000Z,173353,"UK","paid",8428
4884,2026-01-06 11:34:57.000Z,778766,"UK","paid",1983
4885,2026-01-06 11:36:15.000Z,538927,"UK","refunded",6944
4886,2026-01-06 11:37:45.000Z,925500,"SE","refunded",5717
4887,2026-01-06 11:39:11.000Z,913189,"PL","paid",1771
4888,2026-01-06 11:41:17.000Z,967578,"UK","paid",7281
4889,2026-01-06 11:42:23.000Z,342827,"PL","paid",289
4890,2026-01-06 11:44:09.000Z,741896,"UK","paid",9457
4891,2026-01-06 11:45:31.000Z,224321,"PL","paid",5574
4892,2026-01-06 11:47:21.000Z,609894,"DE","paid",2258
4893,2026-01-06 11:49:15.000Z,734951,"UK","paid",7896
4894,2026-01-06 11:50:53.000Z,933492,"US","paid",1998
4895,2026-01-06 11:52:43.000Z,237085,"FR","paid",1996
4896,2026-01-06 11:53:45.000Z,768050,"FR","paid",6498
4897,2026-01-06 11:55:15.000Z,248803,"PL","paid",783
4898,2026-01-06 11:57:05.000Z,803936,"PL","paid",2746
4899,2026-01-06 11:58:43.000Z,685977,"FR","paid",3758
4900,2026-01-06 12:00:41.000Z,742878,"SE","paid",2661
4901,2026-01-06 12:01:43.000Z,459583,"UK","paid",9244
4902,2026-01-06 12:03:53.000Z,936076,"DE","paid",6210
4903,2026-01-06 12:05:03.000Z,572149,"SE","paid",6815
4904,2026-01-06 12:07:21.000Z,523050,"PL","refunded",9649
4905,2026-01-06 12:08:39.000Z,194171,"SE","cancelled",8052
4906,2026-01-06 12:09:49.000Z,985304,"US","paid",2659
4907,2026-01-06 12:12:07.000Z,159505,"SE","paid",7536
4908,2026-01-06 12:13:33.000Z,916214,"UK","paid",5119
4909,2026-01-06 12:15:03.000Z,956407,"UK","refunded",9242
4910,2026-01-06 12:17:05.000Z,630212,"UK","paid",3764
4911,2026-01-06 12:18:35.000Z,385165,"DE","paid",4282
4912,2026-01-06 12:20:21.000Z,606754,"UK","paid",1842
4913,2026-01-06 12:21:55.000Z,233491,"SE","paid",6907
4914,2026-01-06 12:23:05.000Z,968944,"FR","paid",2008
4915,2026-01-06 12:24:31.000Z,329513,"DE","paid",3304
4916,2026-01-06 12:25:57.000Z,270222,"DE","paid",1800
4917,2026-01-06 12:28:19.000Z,149007,"UK","cancelled",8944
4918,2026-01-06 12:29:37.000Z,131708,"UK","paid",6158
4919,2026-01-06 12:30:51.000Z,837285,"UK","cancelled",6159
4920,2026-01-06 12:32:37.000Z,743994,"FR","paid",7518
4921,2026-01-06 12:34:03.000Z,593803,"UK","refunded",9737
4922,2026-01-06 12:36:21.000Z,786504,"UK","refunded",7332
4923,2026-01-06 12:38:07.000Z,826113,"UK","paid",8085
4924,2026-01-06 12:39:37.000Z,131366,"PL","paid",6340
4925,2026-01-06 12:40:39.000Z,991431,"UK","paid",9590
4926,2026-01-06 12:42:09.000Z,116084,"SE","paid",8061
4927,2026-01-06 12:44:31.000Z,884669,"US","paid",2256
4928,2026-01-06 12:46:17.000Z,405938,"US","paid",7336
4929,2026-01-06 12:47:23.000Z,803587,"UK","paid",6272
4930,2026-01-06 12:49:25.000Z,977792,"UK","paid",6828
4931,2026-01-06 12:50:51.000Z,800601,"US","paid",4505
4932,2026-01-06 12:52:09.000Z,848222,"UK","cancelled",744
4933,2026-01-06 12:53:55.000Z,117791,"FR","paid",2199
4934,2026-01-06 12:55:45.000Z,447564,"PL","paid",4468
4935,2026-01-06 12:57:15.000Z,682037,"UK","paid",1043
4936,2026-01-06 12:59:13.000Z,457418,"UK","paid",8336
4937,2026-01-06 13:00:03.000Z,510171,"UK","paid",6631
4938,2026-01-06 13:02:05.000Z,923896,"SE","paid",5375
4939,2026-01-06 13:03:39.000Z,118513,"UK","paid",4530
4940,2026-01-06 13:04:57.000Z,588534,"FR","refunded",3427
4941,2026-01-06 13:06:35.000Z,221815,"FR","paid",2191
4942,2026-01-06 13:08:25.000Z,330788,"DE","paid",6869
4943,2026-01-06 13:10:31.000Z,294157,"PL","paid",3478
4944,2026-01-06 13:11:53.000Z,214402,"UK","paid",8778
4945,2026-01-06 13:13:43.000Z,941555,"UK","paid",3564
4946,2026-01-06 13:15:13.000Z,335728,"US","paid",9895
4947,2026-01-06 13:16:27.000Z,862505,"PL","paid",4346
4948,2026-01-06 13:17:49.000Z,704270,"PL","paid",3845
4949,2026-01-06 13:19:59.000Z,119183,"DE","paid",6496
4950,2026-01-06 13:21:49.000Z,319836,"FR","paid",7293
4951,2026-01-06 13:23:03.000Z,912133,"UK","paid",1235
4952,2026-01-06 13:25:05.000Z,922298,"US","paid",4058
4953,2026-01-06 13:26:03.000Z,732779,"UK","paid",7760
4954,2026-01-06 13:27:29.000Z,465288,"DE","paid",3838
4955,2026-01-06 13:29:03.000Z,938145,"UK","paid",5711
4956,2026-01-06 13:30:49.000Z,123174,"UK","paid",114
4957,2026-01-06 13:32:59.000Z,837927,"DE","cancelled",8054
4958,2026-01-06 13:34:33.000Z,366324,"UK","paid",1188
4959,2026-01-06 13:35:31.000Z,644925,"SE","paid",6323
4960,2026-01-06 13:37:53.000Z,291570,"SE","paid",9812
4961,2026-01-06 13:39:19.000Z,767779,"UK","paid",6485
4962,2026-01-06 13:40:17.000Z,874240,"UK","paid",8137
4963,2026-01-06 13:42:39.000Z,275065,"SE","paid",4767
4964,2026-01-06 13:44:09.000Z,744798,"FR","paid",7995
4965,2026-01-06 13:45:47.000Z,379039,"US","paid",6670
4966,2026-01-06 13:47:05.000Z,290220,"UK","cancelled",9309
4967,2026-01-06 13:49:03.000Z,413781,"FR","cancelled",8582
4968,2026-01-06 13:50:41.000Z,821482,"UK","paid",6474
4969,2026-01-06 13:51:43.000Z,685787,"FR","cancelled",5182
4970,2026-01-06 13:53:49.000Z,990616,"UK","paid",4235
4971,2026-01-06 13:54:51.000Z,325361,"FR","paid",5240
4972,2026-01-06 13:57:21.000Z,377494,"US","paid",7450
4973,2026-01-06 13:58:31.000Z,801367,"US","paid",2980
4974,2026-01-06 14:00:29.000Z,957028,"PL","paid",9133
4975,2026-01-06 14:01:23.000Z,172845,"UK","paid",2925
4976,2026-01-06 14:03:37.000Z,264802,"DE","paid",9500
4977,2026-01-06 14:05:19.000Z,468627,"FR","paid",3944
4978,2026-01-06 14:06:29.000Z,906480,"SE","paid",2566
4979,2026-01-06 14:07:55.000Z,961129,"UK","paid",4056
4980,2026-01-06 14:10:05.000Z,928942,"UK","paid",409
4981,2026-01-06 14:11:31.000Z,711311,"PL","paid",6934
4982,2026-01-06 14:13:21.000Z,112284,"US","paid",2224
4983,2026-01-06 14:14:23.000Z,167269,"DE","paid",2213
4984,2026-01-06 14:16:37.000Z,715226,"SE","paid",9918
4985,2026-01-06 14:17:43.000Z,892555,"DE","paid",7458
4986,2026-01-06 14:19:41.000Z,831016,"PL","paid",1983
4987,2026-01-06 14:21:27.000Z,254785,"DE","paid",8360
4988,2026-01-06 14:22:29.000Z,390470,"UK","paid",2391
4989,2026-01-06 14:24:39.000Z,244103,"PL","refunded",8774
4990,2026-01-06 14:26:29.000Z,853236,"FR","paid",4321
4991,2026-01-06 14:27:23.000Z,115613,"UK","paid",3557
4992,2026-01-06 14:29:09.000Z,317522,"UK","cancelled",2984
4993,2026-01-06 14:30:59.000Z,479235,"DE","cancelled",7357
4994,2026-01-06 14:32:17.000Z,266336,"DE","paid",7609
4995,2026-01-06 14:33:55.000Z,952857,"UK","cancelled",2672
4996,2026-01-06 14:35:33.000Z,640318,"US","paid",8384
4997,2026-01-06 14:37:47.000Z,115295,"SE","paid",5763
4998,2026-01-06 14:39:17.000Z,692428,"UK","paid",1438
4999,2026-01-06 14:40:55.000Z,729749,"US","paid",9540
5000,2026-01-06 14:42:29.000Z,816746,"DE","paid",6386
